-- phpMyAdmin SQL Dump
-- version 4.8.3
-- https://www.phpmyadmin.net/
--
-- Host: 127.0.0.1
-- Tempo de geração: 09/09/2019 às 15:24
-- Versão do servidor: 10.1.36-MariaDB
-- Versão do PHP: 7.2.11

SET SQL_MODE = "NO_AUTO_VALUE_ON_ZERO";
SET AUTOCOMMIT = 0;
START TRANSACTION;
SET time_zone = "+00:00";


/*!40101 SET @OLD_CHARACTER_SET_CLIENT=@@CHARACTER_SET_CLIENT */;
/*!40101 SET @OLD_CHARACTER_SET_RESULTS=@@CHARACTER_SET_RESULTS */;
/*!40101 SET @OLD_COLLATION_CONNECTION=@@COLLATION_CONNECTION */;
/*!40101 SET NAMES utf8mb4 */;

--
-- Banco de dados: `cake_eletivas_novo2`
--

-- --------------------------------------------------------

--
-- Estrutura para tabela `administradores`
--

CREATE TABLE `administradores` (
  `id` int(11) NOT NULL,
  `nome` varchar(100) NOT NULL,
  `login` varchar(50) NOT NULL,
  `senha` varchar(255) NOT NULL,
  `img_src` varchar(255) DEFAULT NULL,
  `created` datetime NOT NULL DEFAULT CURRENT_TIMESTAMP,
  `updated` datetime DEFAULT NULL ON UPDATE CURRENT_TIMESTAMP,
  `status` enum('Ativo','Desativo') NOT NULL DEFAULT 'Ativo'
) ENGINE=InnoDB DEFAULT CHARSET=latin1;

--
-- Fazendo dump de dados para tabela `administradores`
--

INSERT INTO `administradores` (`id`, `nome`, `login`, `senha`, `img_src`, `created`, `updated`, `status`) VALUES
(1, 'PEDRO MARCELO', 'eletivas', '$2y$10$8vRb/Tppq40muVIaJBfYxetBXkX4cFtn0.I2hug1PYSkG9.yPcMPm', NULL, '2019-02-08 08:58:25', '2019-02-08 20:11:56', 'Ativo'),
(2, 'Admin default', 'admin', '$2y$10$C.apnxRzOwX8/3vS35H.8ulAVOXlqaMdD1wsGd8ASNhOivXDyH1IC', NULL, '2019-02-11 15:06:27', '2019-08-14 12:18:00', 'Ativo');

-- --------------------------------------------------------

--
-- Estrutura para tabela `alunos`
--

CREATE TABLE `alunos` (
  `id` int(11) NOT NULL,
  `nome` varchar(100) NOT NULL,
  `matricula` varchar(50) NOT NULL,
  `senha` varchar(255) NOT NULL,
  `turma_id` int(11) NOT NULL,
  `img_src` varchar(255) DEFAULT NULL,
  `created` datetime NOT NULL DEFAULT CURRENT_TIMESTAMP,
  `updated` datetime DEFAULT NULL ON UPDATE CURRENT_TIMESTAMP,
  `status` enum('Ativo','Desativo') NOT NULL DEFAULT 'Ativo'
) ENGINE=InnoDB DEFAULT CHARSET=latin1;

--
-- Fazendo dump de dados para tabela `alunos`
--

INSERT INTO `alunos` (`id`, `nome`, `matricula`, `senha`, `turma_id`, `img_src`, `created`, `updated`, `status`) VALUES
(7, 'Aida Mary Barros Lôbo', '3580799', '$2y$10$8N.14fI4z8WU302jgbnBS.WPPQjhjV6hlKi.PqozPeUgzCOx61edu', 1, NULL, '2019-02-08 13:57:09', '2019-08-16 13:17:13', 'Ativo'),
(8, 'Ana Gabriele de Alencar Monteiro', '4338582', '$2y$10$J8/5lHHlj2YoYLP2kil8derFNqBTcd9ZYenWRG9ZT3J6/EcGR4x8.', 1, NULL, '2019-02-08 13:57:09', '2019-02-08 18:42:09', 'Ativo'),
(9, 'Ana Karine Castro Pereira', '1825648', '$2y$10$SiS41dMYVRpE9qNs8nzt0eCXdm5ieqv6zemxdRpspnKMhN5oOJybK', 1, NULL, '2019-02-08 13:57:09', '2019-02-08 18:42:09', 'Ativo'),
(10, 'Ana Karoline Cavalcante Vidal da Silva', '4338480', '$2y$10$VUMaNHrJg0t8s5C8dMRPa.wGiTJimzMaHzuUSHmfd6yzeX.zj7sZC', 1, NULL, '2019-02-08 13:57:10', '2019-02-08 18:42:09', 'Ativo'),
(11, 'Ana Lavinnya Ferreira da Silva', '3155841', '$2y$10$PTueDtTHsem9uY6AyLmfQO.hx3aObKxEt2VI6ALDrHr6hKMZ7aiwq', 1, NULL, '2019-02-08 13:57:10', '2019-02-08 18:42:10', 'Ativo'),
(12, 'Arison Morais Cruz ', '2497514', '$2y$10$3jgIQLA1GKWoAXvRF4hssOlwJ7e3nzVQkkSVaAoFgNnGC6MN.BiJS', 1, NULL, '2019-02-08 13:57:10', '2019-02-08 18:42:10', 'Ativo'),
(13, 'Carlos Alberto Kauan Barros da Silva ', '4338574', '$2y$10$yFAi2xp82143AoNHsVShAuTvED1pP42TFQWV6dWNoXzqibdulfAY.', 1, NULL, '2019-02-08 13:57:10', '2019-02-08 18:42:10', 'Ativo'),
(14, 'Carlos Dyogo Queiroz Moura ', '2493598', '$2y$10$Ug1dnmLoYJgiJMWanIfP2.5L7TG0cg5qLH2o.ph0mSL5UD4eY2f9q', 1, NULL, '2019-02-08 13:57:10', '2019-02-08 18:42:10', 'Ativo'),
(15, 'Carlos Henrique de Castro Gomes ', '3276066', '$2y$10$VRz3vD.ilGaUbzPLBS7JJOJIgADeaaIhGgNua7NNUTHpUr2KvqZk.', 1, NULL, '2019-02-08 13:57:10', '2019-02-08 18:42:10', 'Ativo'),
(16, 'Daiana Pereira Moura ', '3864284', '$2y$10$7H/zGlHycgJBkSi8I9Cs7.zp7x7LZexWmlvS4AwBMa8S4AppmNq86', 1, NULL, '2019-02-08 13:57:10', '2019-02-08 18:42:10', 'Ativo'),
(17, 'Emanuela Bernardo de Sousa', '2496197', '$2y$10$puyMSyrB624f1wsjuUU6N.6cEIpPgBzDhsmTAe3BPMGTewmbM7UZm', 1, NULL, '2019-02-08 13:57:10', '2019-02-08 18:42:11', 'Ativo'),
(18, 'Francisca Beatriz Soares Santiago', '2490603', '$2y$10$tuDHFQvXFIZ7cQ7k4PQwSOPprZS4H5p3uEeEQFMCXQcaJRSZYPk5W', 1, NULL, '2019-02-08 13:57:11', '2019-02-08 18:42:11', 'Ativo'),
(19, 'Francisca Júlia da Silva Lopes ', '2487805', '$2y$10$gK7edZjLCTk5DB72lQmriejDCZif6PUAx1Ijzo6tMpaJLHaQ7iMm6', 1, NULL, '2019-02-08 13:57:11', '2019-02-08 18:42:11', 'Ativo'),
(20, 'Guilherme Lessa Abreu', '4338336', '$2y$10$T2hKl6iAz7khGRtUR0LFj.X5kz7joFQZofqIWcxl1ufEz4uHaYCA2', 1, NULL, '2019-02-08 13:57:11', '2019-02-08 18:42:11', 'Ativo'),
(21, 'Ingrid Silva Bezerra', '2494383', '$2y$10$ahhd6hysIyB/C01sj13bY.1hFDXSLRB050L9p2gJGw6.GO24hIlQu', 1, NULL, '2019-02-08 13:57:11', '2019-02-08 18:42:11', 'Ativo'),
(22, 'Jaime de Sousa Farias ', '2488477', '$2y$10$gNQ5whPfGoGZDMYc0.oG9uzOVpqfEeKT88NdQhgv8G.fZPvsho7Pe', 1, NULL, '2019-02-08 13:57:11', '2019-02-08 18:42:11', 'Ativo'),
(23, 'Joana de Angelis Sousa Arruda ', '2491541', '$2y$10$6cbeh.WTvHbNjPaL/dke2eOzNEQwj7D8LbQubg011kO/QYAnoKM.m', 1, NULL, '2019-02-08 13:57:11', '2019-02-08 18:42:11', 'Ativo'),
(24, 'João Pedro Araújo Dias ', '2491762', '$2y$10$Uw6JczsIH6kmEdSBdxDuiOQy1YpoalV.Ocli9Fz0ntuxIrnB9m25.', 1, NULL, '2019-02-08 13:57:11', '2019-02-08 18:42:12', 'Ativo'),
(26, 'Joyce Mara Freitas Cordeiro', '4018257', '$2y$10$N7COaD70QG69dcRORou.IeSpiZrLKA7GxoIEMHU3YwOdEumZohYqW', 1, NULL, '2019-02-08 13:57:12', '2019-02-08 18:42:12', 'Ativo'),
(27, 'Lohane de Freitas Moreira ', '4338444', '$2y$10$U7QzxAoZ7IK1D8U7FxyrKesFiXfvKvQ7skXL5Ujf0HcQmsLEtUwh6', 1, NULL, '2019-02-08 13:57:12', '2019-02-08 18:42:12', 'Ativo'),
(28, 'Lohane Moura Carvalho ', '4338323', '$2y$10$lXJ0eK8Uv2b5ShLP01s4AuXqW2zHM0hYvQ0.9Dd6s0NmJAcu0Xbfq', 1, NULL, '2019-02-08 13:57:12', '2019-02-08 18:42:12', 'Ativo'),
(29, 'Lucas Nazareno da Silva Bernardo', '3965666', '$2y$10$RewRfV6HWHArT6hIsB5uyuSA.9YNK0FRMGx/yu3kVqnKNNTjTseG2', 1, NULL, '2019-02-08 13:57:12', '2019-02-08 18:42:12', 'Ativo'),
(30, 'Luís Diego Nascimento da Silva ', '3849639', '$2y$10$Pqs/hVW7S2osE.nlTMKAv.uYRrgfbwObaDKNIY8zl7rA.6qZyR0dG', 1, NULL, '2019-02-08 13:57:12', '2019-02-08 18:42:12', 'Ativo'),
(31, 'Maria Brena Gomes da Costa Sousa Silvino', '2492129', '$2y$10$pFoj7HiMvmjqU/vCWsmZleCBVTxirapOsAT1OSvAEg01WzGzBJGkO', 1, NULL, '2019-02-08 13:57:12', '2019-02-08 18:42:13', 'Ativo'),
(32, 'Maria Edwirgens Silva Ribeiro', '4338581', '$2y$10$gaNPqA0oMnc8RjH5.A0HJukxnsEVLyUIcrdxFvnaAOg1.mzrGNm5.', 1, NULL, '2019-02-08 13:57:12', '2019-02-08 18:42:13', 'Ativo'),
(33, 'Maria Graziela Teixeira de Abreu', '2490615', '$2y$10$D9sJQKaVkcLcJc2j84ZqXekGlqX.CTk2N6hOXiPh0X62jcHehxeDC', 1, NULL, '2019-02-08 13:57:13', '2019-02-08 18:42:13', 'Ativo'),
(34, 'Maria Silmara Silva Santos', '2489239', '$2y$10$Up4v..sXsL8usLLmym85O.XuvLnE5uxbN5/YWV5FF5hBkhH.hsljq', 1, NULL, '2019-02-08 13:57:13', '2019-02-08 18:42:13', 'Ativo'),
(35, 'Maria Thainara Sales Dias', '4338500', '$2y$10$5suMT2BVZHjyu5vIoYWC9eILxRUI4NsDUVh4wNiXhwhxrseTb1Nkm', 1, NULL, '2019-02-08 13:57:13', '2019-06-10 16:54:07', 'Desativo'),
(36, 'Mirta Mara Nascimento Silva', '2497292', '$2y$10$pxmhVpghIFj9fjSz7z5PbOj2VQBHxNZwZPfoeu9gv3bFKYpzmzkLK', 1, NULL, '2019-02-08 13:57:13', '2019-02-08 18:42:13', 'Ativo'),
(38, 'Paulo Vitor Nascimento Viana', '2490371', '$2y$10$j1TiD6ktfz51Ce9v2jIxKOa1iRwpGXfM9imU2pE60AUEJ/GjRnJZS', 1, NULL, '2019-02-08 13:57:13', '2019-02-08 18:42:13', 'Ativo'),
(39, 'Pedro Bruno Araújo Gonçalves', '2489948', '$2y$10$qs0OclRQDZhaBYazq.axr.fFLAVPV00jO4602hnmozWzrEnN60uzi', 1, NULL, '2019-02-08 13:57:13', '2019-06-10 16:54:47', 'Desativo'),
(40, 'Rafael Jorge de Sousa', '2491128', '$2y$10$t6HNUQAMjNScF3Dgj.891.VAqYozC8GkutguOwGvAXXX/cZZIO7q.', 1, NULL, '2019-02-08 13:57:13', '2019-02-08 18:42:14', 'Ativo'),
(42, 'Ryan Taumaturgo Lima', '4338585', '$2y$10$uHXBLpsGkE7Lm7HhQ4knf.EaNkkQMd8zRNQ6vkY.1D0mvoavrINdG', 1, NULL, '2019-02-08 13:57:14', '2019-02-08 18:42:14', 'Ativo'),
(43, 'Vitória Raquel Silva Araújo', '2497207', '$2y$10$sXqLDRQVA3tEXxRtDpTo2eSWyQa3EWelClyI7DvU0mQBEXZp5cmG6', 1, NULL, '2019-02-08 13:57:14', '2019-02-08 18:42:14', 'Ativo'),
(44, 'Wallisson Muniz Lopes', '2886538', '$2y$10$AeanOcrX.zOmydrNhbqiJexGDjs1pIBmoqmJir4jbbnbJeWxFqw1i', 1, NULL, '2019-02-08 13:57:14', '2019-06-10 16:55:26', 'Desativo'),
(45, 'Alani Beatriz Vieira Chaves ', '4338497', '$2y$10$w.LSISYn/cejYZuNq1GZXumsQgd5QA9rPuK9pF.IZ42ROaDuIqdP2', 2, NULL, '2019-02-08 14:03:05', '2019-02-08 18:42:14', 'Ativo'),
(46, 'Ana Kariny Amaro da Silva ', '2495556', '$2y$10$.hig6B1KsJVaPIp0aTkhM.j7RSi4AYOM1deA75GbxjLFNLdXOnV7.', 2, NULL, '2019-02-08 14:03:05', '2019-02-08 18:42:15', 'Ativo'),
(47, 'Ana Karoline Silva Mendes ', '4338587', '$2y$10$O3rA0LzPuGP5aL/TISHAN.p0vM7SODkDsfzrlsIlQNqXr/ikXevFG', 2, NULL, '2019-02-08 14:03:05', '2019-02-08 18:42:15', 'Ativo'),
(48, 'Ana Kelly Sousa da Silva ', '2494426', '$2y$10$9rH5Fq6JHQMRYy8y51Xs9OmBr9UZdUPsevEWR9F6y0mTXXk4h3xYG', 2, NULL, '2019-02-08 14:03:05', '2019-02-08 18:42:15', 'Ativo'),
(49, 'Aricya Marinho Queiroz ', '4338308', '$2y$10$7poWHwzEHsGcgDlSHPUf2uljBhMb4gHL1x2Jr.FoW2fUzvZT9WMxi', 2, NULL, '2019-02-08 14:03:05', '2019-02-08 18:42:15', 'Ativo'),
(50, 'Bruno da Silva Barbosa', '2102670', '$2y$10$WTLpe/jz6gxEojEx1/hEredQLC1G2BsQu2AWlRhEQOIjx/LHquzUq', 2, NULL, '2019-02-08 14:03:06', '2019-02-08 18:42:15', 'Ativo'),
(51, 'Davy de Sousa Lopes ', '2861031', '$2y$10$9G3JpolX.poIshxzJcNbquWl7YJtEYtgrIb/5au54xen1/z4j/8dO', 2, NULL, '2019-02-08 14:03:06', '2019-02-08 18:42:15', 'Ativo'),
(52, 'Francisca Marcela da Silva ', '2102648', '$2y$10$eDWO/Um6B1x9invADVpGAu.HTdthp2jY4JmyOC.WgxcVeFid.0w42', 2, NULL, '2019-02-08 14:03:06', '2019-02-08 18:42:15', 'Ativo'),
(53, 'Francisco Cauan Felipe Mesquita ', '4338536', '$2y$10$BbkSQPkXOwQ9o2QATRPtFORb5wvaBjC74cqMGwLY4q6keiKE.zE0K', 2, NULL, '2019-02-08 14:03:06', '2019-02-08 18:42:15', 'Ativo'),
(54, 'Francisco Eudarlan da Silva Canuto', '2905156', '$2y$10$pO91f20JhVoWZdRCWHfWPepTsX2Gp1cVg8Vji6Jp3Y/7tJHWayKA6', 2, NULL, '2019-02-08 14:03:06', '2019-06-10 16:58:10', 'Desativo'),
(55, 'Francivan Lima de Souza ', '4338452', '$2y$10$m58qJs4qlT77N4NeVgMSxuGKOj.X.70xTyJzHKalSWfwHYplX/YaG', 2, NULL, '2019-02-08 14:03:06', '2019-02-08 18:42:16', 'Ativo'),
(56, 'Gabriele Silva Nascimento ', '2490500', '$2y$10$/VR/x8ygJagkdyFlxEZi5./jUhniYXfuD7KPPi/xL.N05X0X4Lal6', 2, NULL, '2019-02-08 14:03:06', '2019-02-08 18:42:16', 'Ativo'),
(57, 'Handerson Melo de Sousa ', '2487921', '$2y$10$9fjPTv6q.GHum8.OrBHdoeiIkHZNtFU2nIachkR90TegQbYiFt0VG', 2, NULL, '2019-02-08 14:03:07', '2019-02-08 18:42:16', 'Ativo'),
(58, 'Joana Brigida Melo Lima ', '2498154', '$2y$10$la/JNu2pn9dg/ql0KSQE3.0yLkbUXd/Q/YP6atLoqFM5/7wZaPGde', 2, NULL, '2019-02-08 14:03:07', '2019-02-08 18:42:16', 'Ativo'),
(59, 'João Batista Sousa Rocha ', '2490907', '$2y$10$M.f6h2zKR5fjdKBTk0qAnuizmNaXY6HKNGRplxpifxEXrIiZSyuCe', 2, NULL, '2019-02-08 14:03:07', '2019-02-08 18:42:16', 'Ativo'),
(60, 'João Gabriel Fonseca Moreira ', '4338508', '$2y$10$YHex0/3nFa33qx0qVsApGesnOY83fJOqG6ySsUfK526FminJlCn1O', 2, NULL, '2019-02-08 14:03:07', '2019-02-08 18:42:16', 'Ativo'),
(61, 'João Lucas Castro Pereira ', '4338583', '$2y$10$Lr2xMT1K6GOboH6HwOnQnOLdR0ikYaWuD/zalcg5vDMAqun2amj7u', 2, NULL, '2019-02-08 14:03:07', '2019-02-08 18:42:17', 'Ativo'),
(62, 'José Arteiro Cariolano de Barros Filho ', '3570767', '$2y$10$oUqaMHTyR.fAQlwF71Nwm.cpX2jlbNBxrLeHxxplWvwR7R5HhVqLe', 2, NULL, '2019-02-08 14:03:07', '2019-06-10 16:58:46', 'Desativo'),
(63, 'Jovanna Lívia Sousa Sampaio', '3938402', '$2y$10$mOFHf3at32TFOK1Xla7qBezR6HiycKG0z/nY6kYf.LU2Oz84djUbO', 2, NULL, '2019-02-08 14:03:07', '2019-02-08 18:42:17', 'Ativo'),
(64, 'Karen Lima Gomes ', '2498125', '$2y$10$srvVRtpxWbEnHwa2jfPsrur3gCzmjqBqvSvAkAS7FE204pzsk3Ss2', 2, NULL, '2019-02-08 14:03:08', '2019-02-08 18:42:17', 'Ativo'),
(65, 'Karla Davilla Gomes da Silva ', '3396047', '$2y$10$18d.UFhcA.M9QSJeoKdrTeGa97PvMkD.6qGQhZRZ844v87SPEthfm', 2, NULL, '2019-02-08 14:03:08', '2019-02-08 18:42:17', 'Ativo'),
(66, 'Kauê Marques de Melo', '4344336', '$2y$10$hYaqC9FlVDGuuz5vtRpBKe47lZiGaiADvFgP1NJG/Jsb7QW2XNvGm', 2, NULL, '2019-02-08 14:03:08', '2019-02-08 18:42:17', 'Ativo'),
(67, 'Laisa Cristina Sampaio Mota ', '2492518', '$2y$10$RBsjchSkQRynt9ipJDvZ4OysMokdwfg5qklvyB7l/gUqUFz2u7ZpW', 2, NULL, '2019-02-08 14:03:08', '2019-02-08 18:42:17', 'Ativo'),
(68, 'Lara Thaís Rocha Marinho ', '4338586', '$2y$10$YHExX8WIbvNWp4YtRjedxeC.83lWTVSHQSgrlatC0CpuPQS3bUebC', 2, NULL, '2019-02-08 14:03:08', '2019-02-13 18:46:10', 'Ativo'),
(69, 'Luan Gino Rodrigues', '4205065', '$2y$10$gWbkmd.AuCgFqWfE.D5avui1NMMyuYeQq5LOCWASaakQbllpZo076', 2, NULL, '2019-02-08 14:03:08', '2019-02-08 18:42:18', 'Ativo'),
(70, 'Lucas Ribeiro da Rocha', '2490510', '$2y$10$4ZkSVe1lO3UKxvuld5LDFub7ouYNjzPz7X8BkiYmHxilz3nOm8VY6', 2, NULL, '2019-02-08 14:03:08', '2019-06-10 16:59:39', 'Desativo'),
(71, 'Maria Clara Coelho Cardoso', '2489169', '$2y$10$q.BhpdQ3OCw6dClWjg0CEeIWDyLvnTbip3eHY8qpPHyPAuTs4HFcW', 2, NULL, '2019-02-08 14:03:09', '2019-02-08 18:42:18', 'Ativo'),
(72, 'Maria Eduarda Menezes Campos ', '3953057', '$2y$10$Wd/zKYVuz/9q8haiM5yC8eDPgf2qrnhqLX6DNTuGG2wbTnuKqRrVq', 2, NULL, '2019-02-08 14:03:09', '2019-06-10 17:00:11', 'Desativo'),
(73, 'Maria Ivanilda Fernandes Morais ', '2960173', '$2y$10$d4RmJS/h7IgKgigclmEbM.KlowuosdPO.Q17umpN5PcGrXrspiTVu', 2, NULL, '2019-02-08 14:03:09', '2019-06-10 17:00:24', 'Desativo'),
(74, 'Matheus Pereira de Araújo ', '2492414', '$2y$10$vXWuCtwdWvMebQVlp2COCe.uakhzN2rvKGI6cupnP.Wqr4FsvLGKe', 2, NULL, '2019-02-08 14:03:09', '2019-02-08 18:42:18', 'Ativo'),
(75, 'Maycon Silva Freitas', '4343463', '$2y$10$3oR0JU7MWrn4Riu3FEArVebBaxGBqlFviiMXMICk3ByooNHXh6vxW', 2, NULL, '2019-02-08 14:03:09', '2019-02-08 18:42:18', 'Ativo'),
(76, 'Natalia Severino Almeida', '2487322', '$2y$10$Asm4Ti0wfg46lYrr86SonuEKZiko43e4w9Sngbx3onp3pfcMhxRJq', 2, NULL, '2019-02-08 14:03:09', '2019-02-08 18:42:19', 'Ativo'),
(77, 'Natanael Martins Carneiro ', '4338434', '$2y$10$WrZ6pyGIf15xTEIiULMbhOr10zzoAcM5xsjFn7jrLwZNqKXp4gu3u', 2, NULL, '2019-02-08 14:03:09', '2019-02-08 18:42:19', 'Ativo'),
(78, 'Nathalia Pereira Rodrigues ', '4338456', '$2y$10$T.qKd.XM6xAtl1y7ZvU96O3QYd.BGflYfEeMsyOv/XRDxn6TgRl52', 2, NULL, '2019-02-08 14:03:09', '2019-02-08 18:42:19', 'Ativo'),
(79, 'Pablo Henrique da Silva Pereira ', '3656520', '$2y$10$JoGeEHeuB9DTSnlyu8NlB.8tQPVXmbjkqzE0Cg2l9kSsKUgVUbarW', 2, NULL, '2019-02-08 14:03:10', '2019-02-08 18:42:19', 'Ativo'),
(80, 'Paulo Igor Paiva Domingos ', '2902842', '$2y$10$yYgH.Nprw4E97/.yKJK4qOmYJvEDPDwjDca37o73Tcjrgk5WIZ0GS', 2, NULL, '2019-02-08 14:03:10', '2019-02-08 18:42:19', 'Ativo'),
(81, 'Sara Giovanna Simionato', '4001051', '$2y$10$vz0SWn8hhuEvJhOFhl4DR.3fdmXjMp/A09SviwbdaDkNtWi5IPgRm', 2, NULL, '2019-02-08 14:03:10', '2019-02-08 18:42:19', 'Ativo'),
(82, 'Victor Alexandre Serafim Silva', '4338576', '$2y$10$QMmmEWdKr6GpN9D7DyNqauyvk1VTvWUXHtGqpNFVe9YcaqzzrE9cO', 2, NULL, '2019-02-08 14:03:10', '2019-02-08 18:42:19', 'Ativo'),
(83, 'Vito Emanuel Xavier Lima', '2490000', '$2y$10$2X3Iy.TjeZCrcezezl/Rx.TOIZ12NLyv.KYxnztiXbOMsg1cf0gm2', 3, NULL, '2019-02-08 14:03:10', '2019-06-10 17:01:31', 'Ativo'),
(84, 'Vitor Emanuel Sousa Araújo', '2494668', '$2y$10$kRwlbgM4ty9CUfUevceuvexfQaT0xQ.FXxOqVJCxxCAB1A9LmEmCW', 2, NULL, '2019-02-08 14:03:10', '2019-02-08 18:42:20', 'Ativo'),
(85, 'Alicya Maria Felix Tavares', '3877885', '$2y$10$V0HjFkkwFP70.dIhe1CejuwYgO7Qzq0jg63wvPYpJReu7OmCMij9u', 4, NULL, '2019-02-08 14:35:11', '2019-02-08 18:42:20', 'Ativo'),
(87, 'Ana Carla Silva Marreiro ', '2489284', '$2y$10$F/ThJezM.sTq5KNDoVZefOyIgSo9fX0jrcEqeedPD/N/ojs.8f2KG', 4, NULL, '2019-02-08 14:35:11', '2019-06-10 17:10:14', 'Desativo'),
(88, 'Ana Gabrielle Sousa Silva ', '2490484', '$2y$10$fg/4CTGB2eBs.za7KTi9O.hIonfGEW9spN31yZBVk.e3q.RksQktS', 4, NULL, '2019-02-08 14:35:11', '2019-02-08 18:42:20', 'Ativo'),
(89, 'Ana Kelly Bezerra Pereira ', '2493206', '$2y$10$b19uaeooUt8jHMIA5BAkqONAguAisaBaEir3fzFz1O8o/Odt2rHku', 4, NULL, '2019-02-08 14:35:11', '2019-02-08 18:42:20', 'Ativo'),
(90, 'Ana Sousa Ferreira', '2489928', '$2y$10$7HweEfbwg3jbDjCcefN3xuHmA2u56KkWWlsslS9C.HT7/0geF6y/i', 4, NULL, '2019-02-08 14:35:12', '2019-02-08 18:42:21', 'Ativo'),
(91, 'Antonia Crislania Souza Amorim', '2493033', '$2y$10$y0t8gOSTDEg0vXY7AIRkFeIq.qqMHOmoEyU4zOmbuqk/./4xrknlG', 4, NULL, '2019-02-08 14:35:12', '2019-02-08 18:42:21', 'Ativo'),
(92, 'Antonia Thalia Lopes da Silva ', '2492848', '$2y$10$iSwjlnK9AE4ja.FKlfdgD.3kBfo9dBvMHc/HZoFdu29WqrG.ddSZ.', 4, NULL, '2019-02-08 14:35:12', '2019-02-08 18:42:21', 'Ativo'),
(93, 'Antonio David Mota Silva ', '3210377', '$2y$10$t7ZkclL.wu6COPa2nN.ZAeLPDjirofkJT.O.1ho9mzivAO4DT1rKW', 4, NULL, '2019-02-08 14:35:12', '2019-02-08 18:42:21', 'Ativo'),
(94, 'Camylle Lima Cruz ', '3802728', '$2y$10$SW4BejSU.v3rXi5cIQi0uO5IN6CD/QK7CyMQTQ5yot998KoX4nIXy', 4, NULL, '2019-02-08 14:35:12', '2019-02-08 18:42:21', 'Ativo'),
(95, 'Carlos Victor Xavier Marreiro ', '2497621', '$2y$10$pNp73U9vib84yhOjUtTu4uA3/BO3AIp12pf0Sf7CDEBo2cOny03Py', 4, NULL, '2019-02-08 14:35:12', '2019-06-10 17:12:26', 'Desativo'),
(96, 'Carlos Vinícius Moura Leitão ', '4338594', '$2y$10$mBhqzGf1xthNVsGtBwuIMuxzy/SCWJExsy4MGmc72e8AdZf4CXP6m', 4, NULL, '2019-02-08 14:35:12', '2019-02-08 18:42:21', 'Ativo'),
(97, 'Daniely Gomes Silva ', '2492504', '$2y$10$bIsO1J43BbafhJOwvTRavOk9pdIALWF6.juQXEEspvCNrA9RrErMm', 4, NULL, '2019-02-08 14:35:13', '2019-02-08 18:42:22', 'Ativo'),
(98, 'Elder Lucas Santos Soeiro ', '2491536', '$2y$10$lgFS8p0k9OYne7ik6ViNH.B5DiuLGZeiaxp11q99Ji2LL4cHqbexu', 4, NULL, '2019-02-08 14:35:13', '2019-02-08 18:42:22', 'Ativo'),
(99, 'Erick Onofre Martins ', '1567961', '$2y$10$rAKpZr9fW536orE1ys/xPOlBLK9wX5aueRicFybvtZJPOAvNUVJYq', 4, NULL, '2019-02-08 14:35:13', '2019-02-08 18:42:22', 'Ativo'),
(100, 'Francisca Amanda dos Santos Albano', '2104390', '$2y$10$br8FFUNkVfPk2Kj68.5dtO5JqCbr6R//PVooVA0zoo9l8KJix0Lii', 4, NULL, '2019-02-08 14:35:13', '2019-02-08 18:42:22', 'Ativo'),
(101, 'Francisco Heverson Santos da Silva ', '4338593', '$2y$10$2GOCCxkwsdyJn70m6N4/m.8Q6Hr1b.eVeXMf5CJGIDsSdwTQd9PPa', 4, NULL, '2019-02-08 14:35:13', '2019-02-08 18:42:22', 'Ativo'),
(102, 'Francisco Roger Costa Lima', '2489909', '$2y$10$/3HYzj0ER2Wuzj25rWaiUeJVd.tHa92DwymcE7fKgbAnIZMAi2Opm', 4, NULL, '2019-02-08 14:35:13', '2019-02-08 18:42:22', 'Ativo'),
(103, 'Francisco Ytalo Nunes Batista ', '4338528', '$2y$10$aTVypTP/hAYOokzgNfHuweYYVtwPpRbDwUDKCFH9Jkqjn0CfuZ6p6', 4, NULL, '2019-02-08 14:35:13', '2019-02-08 18:42:22', 'Ativo'),
(104, 'Gabriel Rechard Mota Abreu ', '2492274', '$2y$10$Hg1eqM12mIVdf.r.N.HYruxuEtHOvOQ6py6M0bpO8d1bPe3A8Avd.', 4, NULL, '2019-02-08 14:35:14', '2019-02-08 18:42:23', 'Ativo'),
(105, 'Haian Levi Vaz de Aquino', '2488284', '$2y$10$hwMU2LGpRv/zZWqR9A5IUulLov2sPApaQrgCLcEF5wf7iCM4k3kdq', 4, NULL, '2019-02-08 14:35:14', '2019-02-08 18:42:23', 'Ativo'),
(106, 'Iasmim Sousa de Oliveira', '2489299', '$2y$10$EnxWRV4v9sDXqvt46NOU3.72V1x8GDXdvtUEdZls6j7zHm63VqE5e', 4, NULL, '2019-02-08 14:35:14', '2019-06-10 17:15:17', 'Desativo'),
(107, 'Jamille Abreu Oliveira', '4342445', '$2y$10$dJuyQ9g8W6o.XXvWSZAsR.jAZdSq5nrO0n9ut1.m45mRPJR9dIq6y', 4, NULL, '2019-02-08 14:35:14', '2019-02-08 18:42:30', 'Ativo'),
(108, 'José Vinícius Silva de Assis', '4338438', '$2y$10$uyCYICI5mRBibYob5hYoiuWRqHRGVjjBNwQJKoc7cdZOYJOwJpe5q', 4, NULL, '2019-02-08 14:35:14', '2019-06-10 17:15:42', 'Desativo'),
(109, 'José Wellington da Silva Santos', '2531946', '$2y$10$EOGeIRb8tjc3IlDjCaFNbOU3ZlMogMF.rZl.O95EAMWrX2uy2Yutu', 4, NULL, '2019-02-08 14:35:14', '2019-06-10 17:15:57', 'Desativo'),
(110, 'Karla Cristina Castro Alves', '4338466', '$2y$10$cLSJu0WVdGeG75ryY54zn.fQeO1YNpIURo/p.kdEaMXpbRvfQB8MS', 4, NULL, '2019-02-08 14:35:14', '2019-02-08 18:42:30', 'Ativo'),
(111, 'Laysa Maria Santos Gomes', '4338046', '$2y$10$Xk./yfnmbn7r6bh7UwM8de/Cbce15pI6DGliPSTamo0nKUEY0jyEy', 4, NULL, '2019-02-08 14:35:14', '2019-06-10 17:16:15', 'Desativo'),
(112, 'Lucas Coelho Alencar Viana', '3966827', '$2y$10$kocPKtz/DskAv84fP3NId.E6XVDRW8ILg1mhXclAmkcXJjV7scI/q', 4, NULL, '2019-02-08 14:35:15', '2019-02-08 18:42:30', 'Ativo'),
(113, 'Nayara Sousa Moreira', '4338577', '$2y$10$kjWDHV8PJfW3MWTk/iSkE.V518eJo3qtDDYIuGQ9WMTCcyz0z2gw.', 4, NULL, '2019-02-08 14:35:15', '2019-02-08 18:42:30', 'Ativo'),
(115, 'Rafael Ryan Chaves Baltazar', '3194652', '$2y$10$RBZcmP0D7zq34CqfLYI3k.NPn0FNCTt0E5rfAPNQLF63BwnXAawH.', 4, NULL, '2019-02-08 14:35:15', '2019-06-10 17:16:39', 'Desativo'),
(116, 'Raul Kelwen Ferreira Barbosa', '4338590', '$2y$10$gnc666pXmSac8pS5PUEunekT/ZfbSiCkWXJP1v5fMkaEPDFOdbZ.u', 4, NULL, '2019-02-08 14:35:15', '2019-02-08 18:42:31', 'Ativo'),
(117, 'Sara Rebeca Soares Farias', '3254359', '$2y$10$1cfsDfoUTDKYaaAy/pA3qe9dCqZRw2OY8f3aUEA5SnA7Vu2TcaO6m', 4, NULL, '2019-02-08 14:35:15', '2019-02-08 18:42:31', 'Ativo'),
(118, 'Thais Késsia Brito de Castro ', '4338365', '$2y$10$dP4JE0QhDNyidBcz4f1e2e4c.hbGvrl6n2CpLQm0b8gEExPoIltea', 4, NULL, '2019-02-08 14:35:15', '2019-02-08 18:42:31', 'Ativo'),
(119, 'Thais Lourenço da Silva', '2493756', '$2y$10$.dlioe59ovt6z1bU3FOy/.pdiNVDUpkPVOAwBCNKUp9LaDz9jNREy', 4, NULL, '2019-02-08 14:35:16', '2019-06-10 17:17:04', 'Desativo'),
(120, 'Vanessa Hellen Silva Morais', '4097792', '$2y$10$YsLCdN6U/7W6CrhpfoQgJu4dNfq1fhTaJIvBqrsQ3aVEFPWGW/njS', 4, NULL, '2019-02-08 14:35:16', '2019-02-08 18:42:31', 'Ativo'),
(121, 'Victória Ágatha Oliveira Timbó Lopes  ', '4338595', '$2y$10$Quhftl4kYmTLTK4qPrc1beeVhdn16F5ko8IwI0y.X491VdP3ea56a', 4, NULL, '2019-02-08 14:35:16', '2019-02-08 18:42:31', 'Ativo'),
(122, 'Wyan Víctor Serafim Félix', '2492510', '$2y$10$LQLeWglLTkP9hneLAUFSxOVp0meK6GPX1GWpradQkHJ3y3EtZrkZO', 4, NULL, '2019-02-08 14:35:16', '2019-02-08 18:42:32', 'Ativo'),
(123, 'Ana Luiza Ribeiro Rocha', '2492533', '$2y$10$uP6LDdlH41neG0HYIQEpguTxqEJn6B494lGBmizdjZsAt7UTW8LHa', 5, NULL, '2019-02-08 14:36:32', '2019-02-08 18:42:32', 'Ativo'),
(124, 'Arthur Queiroz Lopes', '3952353', '$2y$10$nsr9OpFQ9CPXwBbswjvOxuENgID1Sb1a6Aw9zrkOXUb1Qu0J7ocy6', 5, NULL, '2019-02-08 14:36:32', '2019-02-08 18:42:32', 'Ativo'),
(125, 'Barbara Maria Barbosa Castro', '4140510', '$2y$10$YS.iKGghGHxs0rfztSJ8/.la9TD.8mEjQH/ind8rupG101X1/FSiG', 5, NULL, '2019-02-08 14:36:32', '2019-02-08 18:42:32', 'Ativo'),
(126, 'Bárbarah Alannis Lopes Oliveira', '2497883', '$2y$10$DqX7NM4Ip0yGfk5LaC3B1Oj776.pqklAVTa1S/2aDZ0fQsDJ2F43O', 5, NULL, '2019-02-08 14:36:32', '2019-06-10 17:21:43', 'Desativo'),
(127, 'Clara de Assis Medeiros Nunes', '3799662', '$2y$10$gQWRNvhCux9dVTGfc0R1S.2ff/LYM4aIfC8n1uIKM5uPnXPS2dYwi', 5, NULL, '2019-02-08 14:36:32', '2019-02-08 18:42:32', 'Ativo'),
(128, 'Davi Abreu Costa', '3877894', '$2y$10$vMraVAJMEMVaS3VwQuFwmOqZtBMDja4qcoM65jxxA2qZfV1IS/ceS', 5, NULL, '2019-02-08 14:36:32', '2019-02-08 18:42:32', 'Ativo'),
(129, 'Emilly Sousa Arruda Miranda', '3952388', '$2y$10$N65H9SEQkdDEz8UuiqnnJOdqFq7tihnT.68ACXIw0mnNKHRz9zEYe', 5, NULL, '2019-02-08 14:36:33', '2019-02-08 18:42:32', 'Ativo'),
(130, 'Erica Vitoria Leitão de Sousa', '4150653', '$2y$10$gP/5g3kFCumlhu5ax7snb.lJfMhUMTujCdAhT48Hvfo.olqZLN0CC', 5, NULL, '2019-02-08 14:36:33', '2019-02-08 18:42:33', 'Ativo'),
(131, 'Francisca Beatriz Abreu Maciel', '2102326', '$2y$10$26ofJuWYhiYNd5kKF1Hy/OWNduuK3wueacb5xBViqLxF1HFjMPP06', 5, NULL, '2019-02-08 14:36:33', '2019-02-08 18:42:33', 'Ativo'),
(132, 'Francisca Jéssica Nascimento da Silva', '2489372', '$2y$10$MOJXMnsx5GDmuE9x7sr.fOlKNWCZcxGPIkGZN6MxM4ALnMM12L7ky', 5, NULL, '2019-02-08 14:36:33', '2019-02-08 18:42:33', 'Ativo'),
(133, 'Francisco Lucas Sousa Uchôa', '2489935', '$2y$10$SxFvFzNgWlKJWAeZuKEkE.9DC6kgwN4bT8IWHqUYaWYRjXS1H0h2u', 5, NULL, '2019-02-08 14:36:33', '2019-02-08 18:42:33', 'Ativo'),
(134, 'Francisco Marlon Bento Timbó', '4140527', '$2y$10$hcnHmBby7523yPU9CJgj3.vtq6j1pRYHKUhcqlFIeCX02fhoG.FKC', 5, NULL, '2019-02-08 14:36:33', '2019-02-08 18:42:33', 'Ativo'),
(135, 'Guilherme Oliveira Mendes', '4141333', '$2y$10$Rk/5cFLN/kF77uc7L93y1erCrHNWIbJ9jlYmtjEQHvhgrLFOQsBeW', 5, NULL, '2019-02-08 14:36:33', '2019-02-08 18:42:33', 'Ativo'),
(136, 'Iago Vieira Felix', '4109518', '$2y$10$rIokod6KXlRXr23ke4FVGeF1IQuTt8t88YkLC9g.S6YCzo2HDebxy', 5, NULL, '2019-02-08 14:36:33', '2019-02-08 18:42:33', 'Ativo'),
(137, 'Janielly Oliveira Cruz', '3974993', '$2y$10$Q0lsR73QBHTMGGzLKplDJ.zTjXO6io/zuMhg/Fod3BkB8XM0oQQPe', 5, NULL, '2019-02-08 14:36:34', '2019-02-08 18:42:34', 'Ativo'),
(138, 'João Lucas Gomes da Silva', '2880226', '$2y$10$csEpBWSFxHEdTxm3lJnwqupxyUIwEfBW1SzBhsTveTExtPnABvtwK', 5, NULL, '2019-02-08 14:36:34', '2019-02-08 18:42:34', 'Ativo'),
(139, 'Joice Ellen Freitas Pinto', '2497604', '$2y$10$d6c7htcbchTugcQsniqbTu7M2d2nDP.NlSltexF/8q1qrq8eLxAqO', 5, NULL, '2019-02-08 14:36:34', '2019-02-11 21:04:30', 'Ativo'),
(140, 'Júlia Sousa Silva', '2497610', '$2y$10$tpT5Eg7czZhi0blu/y6WNO6l4nZB..vYIsBF2hBXMCLI8uGUocwba', 5, NULL, '2019-02-08 14:36:34', '2019-02-11 21:05:42', 'Ativo'),
(141, 'Kailana Mendonça de Sousa (GÊMEA)', '4141440', '$2y$10$sDwqLzE.inzwor1/W4jIm.7VMy1GZi1TrgrPkmg7hGbFf9fW/i2qK', 5, NULL, '2019-02-08 14:36:34', '2019-02-11 21:06:37', 'Ativo'),
(142, 'Keilana Mendonça de Sousa (GÊMEA)', '4141377', '$2y$10$OKZL7Udrpjz5wmK/U0meN.CQWWiR1ejqYFJlRQ8Bk49bspUHkih7W', 5, NULL, '2019-02-08 14:36:34', '2019-02-11 21:07:25', 'Ativo'),
(143, 'Leonardo Monteiro dos Santos', '4341043', '$2y$10$9yJ4s8ju36vD4VAq/.Xr8ez6oPuCSDXU2MBpCT.ZFGSWLViLXWuUO', 5, NULL, '2019-02-08 14:36:34', '2019-02-11 21:08:21', 'Ativo'),
(144, 'Leonardo Sousa Lima', '2107356', '$2y$10$yygvzTf1I8QrwB2e3JFAO.GRa/8If2pYL5tTQbRoinFheKm8v7sva', 5, NULL, '2019-02-08 14:36:34', '2019-02-11 21:09:10', 'Ativo'),
(145, 'Lohanny Marreiro Barros da Silva', '3974794', '$2y$10$ud2HOtcg/EVrTKQ9CVkjK.598XQWytkXK8pK.Wtwzf5kaaEBXc9Ge', 5, NULL, '2019-02-08 14:36:35', '2019-02-11 21:10:06', 'Ativo'),
(146, 'Lucas Dias Ribeiro', '4141116', '$2y$10$zg3mWjLc26IhqD4uHKklg.5qn2vKlipfTcy3mJajIy5Fvsq42pKWS', 5, NULL, '2019-02-08 14:36:35', '2019-02-11 21:11:15', 'Ativo'),
(147, 'Marcus Vinícius Coelho Ribeiro', '2494464', '$2y$10$ZYwuduGJsVJ6VVm6H5ncJew6gmxZvUqgYOh1Ea4Q5jn45azd67J6q', 5, NULL, '2019-02-08 14:36:35', '2019-02-11 21:12:03', 'Ativo'),
(148, 'Maria Fernanda Guimarães Bezerra', '3880171', '$2y$10$.J5ebzRDBHCd5NuTKyYz5.uC9ZlUVRWptj2DjBGOZ7vFYLkE5gsZ6', 5, NULL, '2019-02-08 14:36:35', '2019-02-11 21:13:08', 'Ativo'),
(149, 'Maria Janaina Vasconcelos Morais', '2102625', '$2y$10$/0.bX4tG6jIoQb0/8xp1I.F6HBhtmmxZs2BCSZHm/VJjSRfwIhdwC', 5, NULL, '2019-02-08 14:36:35', '2019-02-11 21:14:01', 'Ativo'),
(150, 'Maria Regina Rodrigues de Paiva', '3583629', '$2y$10$FNyv1r8YshmloyR4NTPa3OMIEZJsX66qeyxxbohyxlUd651FN1FuS', 5, NULL, '2019-02-08 14:36:35', '2019-02-11 21:14:54', 'Ativo'),
(151, 'Marianny Barroso Costa', '3973547', '$2y$10$XChNSChyjwkRjFQ2MQRClOwLgSkPliNj3T3Ws.s9mk91VKpv/jjp2', 5, NULL, '2019-02-08 14:36:35', '2019-02-11 21:15:55', 'Ativo'),
(152, 'Pedro Santiago Barbosa Alves da Silva', '4141620', '$2y$10$HyN3iffxBxeM0CVhEv.vU.aof6rbpHOIeNLSbdhsQn9nCGzvj1b5q', 5, NULL, '2019-02-08 14:36:35', '2019-02-11 21:16:41', 'Ativo'),
(153, 'Roque Yan Freitas Silva Pereira', '4020125', '$2y$10$kvOsvlxbU70cGbcIMZEX5uit1M4NC4qro/5B/3uUk9TmM1MmXeAPy', 5, NULL, '2019-02-08 14:36:36', '2019-02-11 21:17:30', 'Ativo'),
(154, 'Sarah Maria Mandonça Dias', '4141500', '$2y$10$iuhSl0sq0u3Q7HjzBZTQ3eWmUBJNwG9I/AbyEW4jRYcbevaImxZbS', 5, NULL, '2019-02-08 14:36:36', '2019-02-11 21:18:52', 'Ativo'),
(155, 'Shamuel Kauã Pires Rocha', '2122816', '$2y$10$JeoetalikFKQx63iRS/CaeMH1nnD8EyesCJXBgS0/XcpTsMcwT0YG', 5, NULL, '2019-02-08 14:36:36', '2019-02-11 21:19:32', 'Ativo'),
(156, 'Tereza Yasmin Silva Siqueira', '3425192', '$2y$10$YGV7/XQKDbzROXodGJ7VS.wjm4pIy4CZTgi/iK1vtm228fBWYs4sC', 5, NULL, '2019-02-08 14:36:36', '2019-02-11 21:20:50', 'Ativo'),
(157, 'Wanessa Williane Pereira da Silva', '2102995', '$2y$10$yL0g.V0lh.foawOLLN2L0OwFF5VLzGiB5N.nPn4zUWv4mD.4rJZKe', 5, NULL, '2019-02-08 14:36:36', '2019-02-11 21:21:36', 'Ativo'),
(158, 'Wellington Ferreira da Silva', '2109270', '$2y$10$3q7Bw4Fh.6EoIL/JShmtju4uT97WVRVESbHWS9ibEVIMQG.r1PeSa', 5, NULL, '2019-02-08 14:36:36', '2019-02-12 12:55:06', 'Ativo'),
(159, 'Ana Beatriz Mesquita Nascimento', '4141047', '$2y$10$5PsfAG5G65WEX4RYZHCbc.662H9DBsUGoOR38WPqcTYcmivXVwsnS', 6, NULL, '2019-02-08 14:37:45', '2019-02-08 18:42:37', 'Ativo'),
(160, 'Ana Karolina Almeida Sampaio', '2487709', '$2y$10$fI.3yjjBClIsM02NtkdhreAMGLmCnUf4r3vJFPhpDCBsSrhQ058E.', 6, NULL, '2019-02-08 14:37:45', '2019-02-08 18:42:37', 'Ativo'),
(161, 'Antonia Carine da Silva Ferreira', '2491567', '$2y$10$NDGNElcXe7qN2ndDBPIRqut/s/SkxXYcIILBKjhn/aVrkAOJai0ny', 6, NULL, '2019-02-08 14:37:45', '2019-02-08 18:42:37', 'Ativo'),
(162, 'Antonia Daniele Barbosa Araujo', '2489905', '$2y$10$Krosg8ssUGOCWfMiTe6JtuUYOZYsRDsxHVuMjI9P5haqwD2zolv1G', 6, NULL, '2019-02-08 14:37:46', '2019-02-08 18:42:37', 'Ativo'),
(163, 'Antonia Vitória Freitas de Paula', '2106606', '$2y$10$WlpxhtuvWTKQ1jsWYjWUfevL5oZWhXaNvcnbzlQLLZiyFGmDAeSJO', 6, NULL, '2019-02-08 14:37:46', '2019-02-08 18:42:37', 'Ativo'),
(164, 'Antonio Daniel Teixeira Lima', '2495255', '$2y$10$hHU2hC./.MJN8aTVQLEgo.CNCqMj1youUzz4AwHGhfgIWqtgPz/0e', 6, NULL, '2019-02-08 14:37:46', '2019-02-08 18:42:37', 'Ativo'),
(165, 'Antonio Felipe de Sousa Pereira', '3591011', '$2y$10$T5Sdw3jCO8YIOlkGXlhnjuloUaqSfNL869m2c30CYfhJ4Tttwl0JW', 6, NULL, '2019-02-08 14:37:46', '2019-02-08 18:42:37', 'Ativo'),
(166, 'Antonio Leonardo Andrade Monte', '2103423', '$2y$10$Zy36/mgjg1dqCVg66FNSPOgcd90e/LvinsY0Ml5p6RZJChjp3MBMK', 6, NULL, '2019-02-08 14:37:46', '2019-02-08 18:42:38', 'Ativo'),
(167, 'Ariane Pereira de Sousa', '4140552', '$2y$10$l3Kk1zcMChs67R/kxsPtIOMruC9Iyv7j01AVXfSqS0jruHKsj5b/y', 6, NULL, '2019-02-08 14:37:46', '2019-02-08 18:42:38', 'Ativo'),
(168, 'Bruna dos Santos Silva (gêmea)', '2103700', '$2y$10$JoQZrS0W.1vAI2.2bD4D.ODPl51VysXyZgJfx9t3V9sJ3HPm2Tl0q', 6, NULL, '2019-02-08 14:37:46', '2019-02-08 18:42:38', 'Ativo'),
(169, 'Crisllayne Vieira Sousa', '3586661', '$2y$10$kaWtj5GY1KjuEeZzwF1oce4PfwVSkX9WjlFKL1KmNi6negDXUijbq', 6, NULL, '2019-02-08 14:37:46', '2019-02-08 18:42:38', 'Ativo'),
(170, 'Cristyelle Serafim Sousa', '2489286', '$2y$10$7VctE/M3dIsUKJzUNRTSvejK1hmea.YZ0ArH/DvjrArWtmpqw0TIG', 6, NULL, '2019-02-08 14:37:47', '2019-02-08 18:42:38', 'Ativo'),
(171, 'Eduardo Ryan Santos Franco', '3591082', '$2y$10$GbA.RQaZwdM56vjBHY.kke2qjJdIrlrs5kR7DckOV8Z0PeDhhZwW6', 6, NULL, '2019-02-08 14:37:47', '2019-02-08 18:42:38', 'Ativo'),
(172, 'Fernanda Laryssa Xavier de Almeida', '2496909', '$2y$10$YH1Dc7jdlbOGrX4FZEU8du8XOUicLRKDoTiVu3E9ZHu/m.zuDqsiK', 6, NULL, '2019-02-08 14:37:47', '2019-02-12 13:12:50', 'Ativo'),
(173, 'Fernando César Felix Honorato', '4141329', '$2y$10$e53Miglye1jIIxqWSO/pa.YpiCt4zm431epOmPZ2hyScRKHfRj9RK', 6, NULL, '2019-02-08 14:37:47', '2019-02-08 18:42:39', 'Ativo'),
(174, 'Fernando Jordan Honorato', '4111421', '$2y$10$3l4w6TeN9MQGzQ77yu4/HOwu27VHRVgtOGDWI4N3aleEUFD.lmRua', 6, NULL, '2019-02-08 14:37:47', '2019-02-08 18:42:39', 'Ativo'),
(176, 'Francisco Arlean da Silva', '2107556', '$2y$10$VxN/BBnj6Tqteo4GrFyUKulGxXgniS3fKPDsPxVGfLChkJIIexMZy', 6, NULL, '2019-02-08 14:37:47', '2019-02-08 18:42:39', 'Ativo'),
(177, 'Francisco Felipe Barros Uchoa', '4020134', '$2y$10$NI2ViM1OCzHdxnTxuu92LugMVwwv0aw6cHn2Bs3TnpuAP40qQV9Au', 6, NULL, '2019-02-08 14:37:47', '2019-02-08 18:42:39', 'Ativo'),
(178, 'Francisco Gabriel Bandeira Silva', '2488716', '$2y$10$VtHkX9HnfEBtozHbpIIaEulTMvOvG9W0Z.NkWxOvfYWWZEaKAtOVm', 6, NULL, '2019-02-08 14:37:48', '2019-02-08 18:42:39', 'Ativo'),
(179, 'Francisco Ivan Almeida Bezerra Junior', '2489955', '$2y$10$dKILW.YCOaW4d/mHRz0ywuKxRBj9wMiQC7TJPO9yO6yFXaBfkoW9S', 6, NULL, '2019-02-08 14:37:48', '2019-02-08 18:42:40', 'Ativo'),
(180, 'Francisco Reinaldo Santos Saraiva', '2492125', '$2y$10$5Ds.IvXtNiyXYI9I16aIj.pJaw2G2VqY0WYVQjdXqz2AKAoZVO8CO', 6, NULL, '2019-02-08 14:37:48', '2019-02-08 18:42:40', 'Ativo'),
(181, 'Hadrielly Matos de Sousa', '4140625', '$2y$10$ElgR1rLg5UKZnZywb9COiOmIBWJ2SYXEZwSygCdxomy8I6vrw9CwW', 6, NULL, '2019-02-08 14:37:48', '2019-02-08 18:42:40', 'Ativo'),
(182, 'Isabel Cristina Silva Araújo', '2488491', '$2y$10$MRR1zBHGi7holq5PUR4OlepN9Y9F9qXxEPNlP5KPn5HwUaRFA545S', 6, NULL, '2019-02-08 14:37:48', '2019-02-08 18:42:40', 'Ativo'),
(184, 'Keila Vitória da Silva', '2929152', '$2y$10$Jx44CsquWYnqarfjrCVWvesB6Wa7ReI36tD5GGsO8/88/glZeWYKu', 6, NULL, '2019-02-08 14:37:48', '2019-02-08 18:42:40', 'Ativo'),
(185, 'Lindemberg Cruz Almeida', '2495988', '$2y$10$e2SQHUvYcIlgGyNgiKLKJ.5.mCpoalylEN/QyIfxDxXY07WijUbd2', 6, NULL, '2019-02-08 14:37:49', '2019-02-08 18:42:40', 'Ativo'),
(186, 'Lívia Xavier de Araújo Silva', '4141542', '$2y$10$atIslO0yOZQpjicJ0ZoB4O90iHYPJHd5PRcjdovk44Vg9ypFlmsvq', 6, NULL, '2019-02-08 14:37:49', '2019-02-08 18:42:41', 'Ativo'),
(187, 'Lucas Silva Correa', '2489923', '$2y$10$Ko0BySsO5ro26aV7J06PauN2jI7bluUPgL.VIyfZdej1i2vCVa9zy', 6, NULL, '2019-02-08 14:37:49', '2019-02-08 18:42:41', 'Ativo'),
(188, 'Maria Milena Pimenta Lima', '2105985', '$2y$10$Fp1tx.F192.mLSGqPm7gt.PgPF9r5Yndbcyq5s78xJpcdxlP3F7o.', 6, NULL, '2019-02-08 14:37:49', '2019-02-08 18:42:41', 'Ativo'),
(189, 'Mariana Saraiva Arruda', '4141071', '$2y$10$..48rD4G63t2ZYJSCCMVsOiLAAVgV3lDiNbA/l1cISxMmgQ3cTtRq', 6, NULL, '2019-02-08 14:37:49', '2019-02-08 18:42:41', 'Ativo'),
(190, 'Natiele Cabral Moura', '3254316', '$2y$10$RHedENrKBbLraxZi45R03eHovNGTDVwB7L/1DGCwjpe0A1aPK5Q22', 6, NULL, '2019-02-08 14:37:49', '2019-02-08 18:42:41', 'Ativo'),
(191, 'Nayra Cecilia Costa Martins', '2487346', '$2y$10$jb0SiQM782pIRrHlVn27uu.lZMs1VBGIKlkGTQye3xn4VqglQ.y2S', 6, NULL, '2019-02-08 14:37:49', '2019-02-08 18:42:41', 'Ativo'),
(192, 'Nicoly Maria Anastácio Feitosa', '2489305', '$2y$10$MqOqEmDG1xXwmlyC.VtAoOPQeLP.qD8AmckjeFolCyPS6n/AV/5AW', 6, NULL, '2019-02-08 14:37:49', '2019-02-08 18:42:41', 'Ativo'),
(193, 'Samêlla Cruz Alves', '4109533', '$2y$10$K7nhAIbsczJC1s0628a02u.44DO7zPcU0i0uoCYJPdTmlQYLopmLq', 6, NULL, '2019-02-08 14:37:50', '2019-02-08 18:42:41', 'Ativo'),
(194, 'Amabilie Leticia Barroso Alves', '3696794', '$2y$10$a2nQVfqiimJ/7oCPOfXynOUzY5xPRQZ5rXJzbdAT5e7FMYzc8h5A.', 7, NULL, '2019-02-08 14:38:55', '2019-02-08 18:42:42', 'Ativo'),
(195, 'Ana Caroline Rocha Aragão', '3586686', '$2y$10$xHbE4YRHidFviP4JuZCAxu9VZz8xpR0LCMYLoNPnjrnZgkAB0Kngq', 7, NULL, '2019-02-08 14:38:55', '2019-02-08 18:42:42', 'Ativo'),
(196, 'Ana Gabriela dos Santos Pereira', '2883777', '$2y$10$B/K35mXFFpSn8yXljMqIluvihdEV8zGjb4na.3I6dMCi3.Ktmt/Gq', 7, NULL, '2019-02-08 14:38:55', '2019-02-08 18:42:42', 'Ativo'),
(197, 'Anderson Medeiros Castelo', '4141138', '$2y$10$xE84yoQPGmMuOR7pk1.BU.JAbFK.yzhpcBZeaVGf8xz15gbtg0SfG', 7, NULL, '2019-02-08 14:38:55', '2019-02-08 18:42:42', 'Ativo'),
(198, 'Antonia Amanda da Silva Daniel', '2102109', '$2y$10$BwMdfJOrWH.uX15rOfcVTu.gOV9xXF5bgZTtbxbjSlChw0oxwo8cC', 7, NULL, '2019-02-08 14:38:55', '2019-02-08 18:42:42', 'Ativo'),
(199, 'Antonia Carla Cunha de Freitas', '2961700', '$2y$10$e0f5yH0Hhe3wAKE12ZrAzufuwtOFutVq4n0UT/nPtQBVUqt2fdiOC', 7, NULL, '2019-02-08 14:38:55', '2019-02-08 18:42:42', 'Ativo'),
(200, 'Antonia Maiara Ferreira Fernandes', '2492607', '$2y$10$NAVcptYVTbw98mepbiqdKejOyNDKvLJ0OBPZud4zRaYRZbsT11J2y', 7, NULL, '2019-02-08 14:38:55', '2019-02-08 18:42:43', 'Ativo'),
(201, 'Antonio Leonardo Silva Lima', '2104640', '$2y$10$zB9KeIs19Mp/kZltU0Yu0uOHuwXRWxB1qCaOfhyRlmGlflKl3xfSu', 7, NULL, '2019-02-08 14:38:56', '2019-02-08 18:42:43', 'Ativo'),
(202, 'Antonio Lucas de Lima', '2267752', '$2y$10$opTcUFnG.JCRKghxRTK8oOiQbXjqBoEByUbR6hITZgFznuUOcnWoW', 7, NULL, '2019-02-08 14:38:56', '2019-02-08 18:42:43', 'Ativo'),
(203, 'Antonio Wilmar de Almeida', '1654658', '$2y$10$h6knICWfA6Cxmvmzy/7dV.Nl23isxNV0HScRYQhTMbXIJQaKJFN/y', 7, NULL, '2019-02-08 14:38:56', '2019-02-08 18:42:43', 'Ativo'),
(204, 'Aurelio Parente Barbosa Junior', '4154104', '$2y$10$fz.xeNsxgvVeYgfIiYxCYOO4asvFg8./HQzQllDLvksv/rRNHl636', 7, NULL, '2019-02-08 14:38:56', '2019-02-08 18:42:43', 'Ativo'),
(205, 'Brena dos Santos Silva', '2102270', '$2y$10$//dXnP9qc1F2Hb6FDpkyded/oPapBtT0I9hUfLKj1r86MpTIsQteO', 6, NULL, '2019-02-08 14:38:56', '2019-06-10 17:30:00', 'Ativo'),
(206, 'Camila Vitória Lima Sousa', '2492115', '$2y$10$EAuioFAZXqWDjRQEqAjK8.2FGWMfDGRCBs67jPPE1pC9k7ZYfyva.', 7, NULL, '2019-02-08 14:38:56', '2019-02-08 18:42:43', 'Ativo'),
(207, 'Carlos Emanuel Marreiro Lima', '2494454', '$2y$10$QkWOU/t4MFhGT3ZYopZXQukOR8zVXd2OKQa.nJOgE9adhLLPXdQ7a', 7, NULL, '2019-02-08 14:38:56', '2019-06-10 17:37:15', 'Desativo'),
(208, 'Emanuelle Pereira Vitaliano', '2489930', '$2y$10$WB2rq.oVygpZTznPFnNW/enytGeSrx/Re7OafSeweG6TYzJ/5u0QS', 7, NULL, '2019-02-08 14:38:56', '2019-06-10 17:37:29', 'Desativo'),
(209, 'Emerson Gustavo Dias Paulino', '4141155', '$2y$10$ezieFFvmLMig038Z/fR1GONJkmn1uq8gh6GqLXfGKkjyYlEJNFBnG', 7, NULL, '2019-02-08 14:38:57', '2019-02-08 18:42:49', 'Ativo'),
(210, 'Francisco Alexandre Silva Abreu', '2491116', '$2y$10$z579EQFzX/Uj83COQn6Tne0/IirEmQL18qmH7iIO8gAANK89ZYb32', 7, NULL, '2019-02-08 14:38:57', '2019-02-08 18:42:49', 'Ativo'),
(211, 'Francisco Ariel Marreiro Ferreira', '4140645', '$2y$10$cUc57hLjbhLqE6RDU3Wp6Om91GfQNepOdsKDu0UN4fNj/OumX4pb.', 7, NULL, '2019-02-08 14:38:57', '2019-02-08 18:42:49', 'Ativo'),
(212, 'Francisco Henrique Martins do Nascimento', '2107576', '$2y$10$MvYgErMoHTYDHu5oQEyyb.RI8t4AOm8wGAmqRAIUK.g47OkPKleLe', 7, NULL, '2019-02-08 14:38:57', '2019-02-08 18:42:49', 'Ativo'),
(213, 'Francisco Thalys Abreu Andrade', '2497144', '$2y$10$l1w3qSboqreot9KFsAk52.2fYPP5tKYQapk4zLCAhtd9VgB9Skgwa', 7, NULL, '2019-02-08 14:38:57', '2019-02-08 18:42:49', 'Ativo'),
(214, 'Francisco Thiago Bandeira Freitas', '2492320', '$2y$10$Bzux4cFAgL4.RzhFOmIkPeByno1xLg3NDcWYAnn1MOCS0d0hqTOre', 7, NULL, '2019-02-08 14:38:57', '2019-02-08 18:42:50', 'Ativo'),
(215, 'Helenilda de Sousa da Silva', '2099668', '$2y$10$ObT2Esu2cHFUqkHUmpyUfebgcvwjF97eqsj.mRZIlNnASXC3BeHuu', 7, NULL, '2019-02-08 14:38:57', '2019-02-08 18:42:50', 'Ativo'),
(216, 'José Mirton Felix Nunes Junior', '2490366', '$2y$10$HbWMeU1b4jolQMWs9uX29.xLky5HmKM2RaHwtAC.LhgbLwI5SA9VC', 7, NULL, '2019-02-08 14:38:58', '2019-02-08 18:42:50', 'Ativo'),
(217, 'Junior Pereira de Oliveira', '2109141', '$2y$10$jUpiB7kKK5XeQnG4WUReHOVwb5eipHChkEcopT/248rzTU1qH/tgC', 7, NULL, '2019-02-08 14:38:58', '2019-02-08 18:42:50', 'Ativo'),
(218, 'Kaylyne Kethlyn Barroso Coelho', '3974779', '$2y$10$E6DxTWsco0dGCAPt5VHgMeixn4RqPOXsOCIiR2ju3vHOHD6pZbmt.', 7, NULL, '2019-02-08 14:38:58', '2019-02-08 18:42:50', 'Ativo'),
(219, 'Laisa Iohana Oliveira Maciel', '2493518', '$2y$10$1Uym4UH1ZGjbN.hApjZB9.5QYcQv/3y/vIZfKZ7EPYa/uv15UQEB2', 7, NULL, '2019-02-08 14:38:58', '2019-02-08 18:42:50', 'Ativo'),
(220, 'Lívia Mara Ramos da Rocha', '4141341', '$2y$10$emmLNojdmAS.mU1Tt0im7eAmd6iMIKShQ8Px35IHdiP01UTiH8nyK', 7, NULL, '2019-02-08 14:38:58', '2019-02-08 18:42:50', 'Ativo'),
(222, 'Maria Cecilia Rodrigues Fernandes da Silva', '4111462', '$2y$10$XxYnZeeOe0PjSaZJt9tuCe9gzD82FcZvkJBUHOr61nmlKiL8KuRk6', 7, NULL, '2019-02-08 14:38:58', '2019-02-12 13:42:00', 'Ativo'),
(223, 'Maria Debora Sousa Costa', '4140493', '$2y$10$3jURvp7mo.RqAnaSqn0b0.KUq9eeCDAVh/1fSI9jdfeGNglxKh21y', 7, NULL, '2019-02-08 14:38:58', '2019-02-08 18:42:51', 'Ativo'),
(224, 'Maria Helena Anastácio da Silva', '2489964', '$2y$10$O4lhBWHfuXUA29ljvTSl9e/q/KL8CvNgq6pWm3fwlHzdqdzgkcMBW', 7, NULL, '2019-02-08 14:38:59', '2019-02-08 18:42:51', 'Ativo'),
(225, 'Maria Joyce Alves da Silva', '4141558', '$2y$10$Jk1zf2Mm7MS3PMC3eQiwdO1Hy9pCH5CS0zpxNaIgQrhQht80GytSq', 7, NULL, '2019-02-08 14:38:59', '2019-02-08 18:42:51', 'Ativo'),
(226, 'Mikaellen do Nascimento Mendonça', '4148443', '$2y$10$FfRvYi.dNQj8pXK3A.iLQOtYHr2vZGE/Oz0mDT4jC981GLFkiCgpm', 7, NULL, '2019-02-08 14:38:59', '2019-02-08 18:42:51', 'Ativo'),
(227, 'Naiara Silva Maciel', '2489411', '$2y$10$f8X3wMGGGa2UlwH27Qrr9uNVyU/bBmLBjB4aYx9z9xikMXD12gbHS', 7, NULL, '2019-02-08 14:38:59', '2019-02-08 18:42:51', 'Ativo'),
(228, 'Raimundo Nonato Braga Gomes', '2492001', '$2y$10$SgOTghJIPNxf2Uq.LycyweZLaGibUIr7Meb6w1YBs7ZKXmLJCUjwq', 7, NULL, '2019-02-08 14:38:59', '2019-02-08 18:42:51', 'Ativo'),
(229, 'Rebeca Elyonara Rodrigues Ribeiro', '4140384', '$2y$10$xPzCh17llLSUeroUIAA9JuqMYt987kJs4R.g2qfmKt0Uu1za2b9he', 7, NULL, '2019-02-08 14:38:59', '2019-02-08 18:42:52', 'Ativo'),
(230, 'Ana Karolina Araujo Medeiros', '2498047', '$2y$10$ALnRCkQBL78scSTqOIzd1eLHVpCPHfFqlWw/8Do9dZ.vQi9XLKZli', 8, NULL, '2019-02-08 14:39:58', '2019-02-08 18:42:52', 'Ativo'),
(231, 'Camila Laise Santos Amorim', '2492140', '$2y$10$b5bWTuQUphWj8z0OCML3uekGGawGBzgAuPIv42BCCTwitjNqGYinG', 8, NULL, '2019-02-08 14:39:58', '2019-02-08 18:42:52', 'Ativo'),
(232, 'Carla Sabrina Almeida Alves', '2103829', '$2y$10$rZvVPk5h0coD8lUnestmG.dxHdE1yvybWjGL9ODzYRMo.USYRtep.', 8, NULL, '2019-02-08 14:39:59', '2019-02-08 18:42:52', 'Ativo'),
(233, 'Carlos Alberto Carneiro Freire Neto', '2489907', '$2y$10$lCuuc8ph2Iv0FxIqHOs2E.5.L8J3gXJcRVk38NgcBvwpIgDciEXni', 8, NULL, '2019-02-08 14:39:59', '2019-02-08 18:42:52', 'Ativo'),
(234, 'Ellen Vitoria Pereira Lima', '4141225', '$2y$10$g0NPiW9Qz0jFIjl2pYly..AfwB7y1MxxdPz/UXoWGJEDh7i311KhO', 8, NULL, '2019-02-08 14:39:59', '2019-02-08 18:42:52', 'Ativo'),
(235, 'Enzo Viana Siqueira', '4141602', '$2y$10$vuBnKa54iZg449.fjPJTz.nQum4Sekqba3IVaEYVP62Zlk/S2FjLe', 8, NULL, '2019-02-08 14:39:59', '2019-02-08 18:42:53', 'Ativo'),
(236, 'Francisca Fernanda Freire Silva', '2495577', '$2y$10$7NiYNDjfjMVQcf8CkxAw6uAWy1mZW1TQ7kb8.gGfrUtBbah.Ltufq', 8, NULL, '2019-02-08 14:39:59', '2019-02-08 18:42:53', 'Ativo'),
(237, 'Francisca Renata Freitas Lira', '4141209', '$2y$10$0nO4CSMxcPaWy167/F5/cO9RZhy47KYBwu9ozeTlwT562saHxL3Mq', 8, NULL, '2019-02-08 14:39:59', '2019-02-08 18:42:53', 'Ativo'),
(238, 'Iuri da Silva Lopes', '3843022', '$2y$10$C4rD578WbA.8zAP737WQpuSrUDTVOrh3BoSCUHrpDh2es/yVNlyia', 8, NULL, '2019-02-08 14:39:59', '2019-02-08 18:42:53', 'Ativo'),
(239, 'Izaura Vitoria Araujo Braga', '2489342', '$2y$10$LfKw9C9Mp8i62grZQVEJ6ugOVY7nYf8G4EPvb5nuOJ0HWCxhQuhPm', 8, NULL, '2019-02-08 14:40:00', '2019-02-08 18:42:53', 'Ativo'),
(240, 'Jair Germano Martins', '2108691', '$2y$10$iyS77C9aq6rfh7ppfI/f6ueSVXQ3XYnj97Ma.o9DcOE5d3wGsJIwW', 8, NULL, '2019-02-08 14:40:00', '2019-02-08 18:42:53', 'Ativo'),
(241, 'Jenniffer Keury Araújo dos Santos', '2488249', '$2y$10$yCQaeFQXkXZ5xLkb9n.neesKUbuYS4gBkJD3fGJbpfiqe4jVHX/9q', 8, NULL, '2019-02-08 14:40:00', '2019-02-08 18:42:53', 'Ativo'),
(242, 'Jessica Santos Chagas', '4141584', '$2y$10$ygeJ8siP3OzkOLa5Tpg3EeWLDudthKyNx9Hzx.FOZ55EgssQGgyz6', 8, NULL, '2019-02-08 14:40:00', '2019-02-08 18:42:53', 'Ativo'),
(243, 'João Victor da Costa Abreu', '4140673', '$2y$10$HAtsfcuIU3PY3YM/63wlOuuZisrY01OEOK3X3PtQ4GL9yLybtL822', 8, NULL, '2019-02-08 14:40:00', '2019-02-08 18:42:54', 'Ativo'),
(244, 'Jonatas Rocha Soares', '4141362', '$2y$10$frVDCcQALd71ajbHQ0/f5OSVL2TtD5zXs8JmmgydMCA16f6Zpxne6', 8, NULL, '2019-02-08 14:40:00', '2019-02-08 18:42:54', 'Ativo'),
(245, 'José Israel Sousa Pinto', '2490635', '$2y$10$FaFChJIdsr5.MssxU1YTnuZEB1zStNDVTEgBvU9ENuSvy4D9k76iS', 8, NULL, '2019-02-08 14:40:00', '2019-02-08 18:42:54', 'Ativo'),
(246, 'Juan Pablo Paiva Guilherme', '3973535', '$2y$10$.cKGD2G.J6380RV848Zifehi45ToOXyBXf4NZo7Tum85TNquqb84q', 8, NULL, '2019-02-08 14:40:00', '2019-02-08 18:42:54', 'Ativo'),
(247, 'Julia Rodrigues Ferreira', '2858982', '$2y$10$F6MWj.oPVQYIaIdVmIGieO9r3Mt7xKzP/u9SiXV5PiNJQIoi00.Ai', 8, NULL, '2019-02-08 14:40:01', '2019-02-08 18:42:54', 'Ativo'),
(248, 'Kayana Coelho Mendonça', '4141018', '$2y$10$sEjifeHQ8yDJlmzoE3FRnuc3JM/eiaW2FcaokHCLAHgDD89a4hZmi', 8, NULL, '2019-02-08 14:40:01', '2019-02-08 18:42:54', 'Ativo'),
(249, 'Larissa da Silva Pereira', '2488586', '$2y$10$En1EJEq/x4/C9q2.RPVXiusuSabv09lN4uCyE6a.voejAY2GGxYKa', 8, NULL, '2019-02-08 14:40:01', '2019-02-08 18:42:54', 'Ativo'),
(250, 'Larissa dos Santos Saraiva', '4139656', '$2y$10$.WG6S0i7N3rXsDcn6brcyOfK4yqWsEL1OULR3KL4NPAcpcOJ8X.ES', 5, NULL, '2019-02-08 14:40:01', '2019-06-10 17:22:20', 'Ativo'),
(251, 'Lívia Alves Moura', '3552303', '$2y$10$ELug01HvDcI3Ip9bZCBPE.Kxl5OOZOnApBdo/1a.n.A2dSGTNWgJ2', 8, NULL, '2019-02-08 14:40:01', '2019-06-10 17:43:02', 'Desativo'),
(252, 'Lucas Silvino Almeida de Souza', '4140476', '$2y$10$LcNX4wzUMfbMk3dYYdiZSOIs7fiqEY42O5lWgPptPi.nabkRhHxJy', 8, NULL, '2019-02-08 14:40:01', '2019-02-08 18:42:55', 'Ativo'),
(253, 'Marcos Vinicius Silva Barros', '2492149', '$2y$10$h3ZsCGU8H8ZctX0b7OXoI.FM./jNyT5WTVD9fzDW8iuzPD0xjbtgS', 8, NULL, '2019-02-08 14:40:01', '2019-02-08 18:42:55', 'Ativo'),
(254, 'Maria Clara Vieira M. C. Cavalcante', '4141368', '$2y$10$2EFtRsoaI1RbEAD5ZpNjI.kF6vr.B0LLY08VNsVvgheNX67aHtd3G', 8, NULL, '2019-02-08 14:40:02', '2019-02-08 18:42:55', 'Ativo'),
(255, 'Maria Gabriela Martins Oliveira', '2497524', '$2y$10$Gt2xqt4dy7JCaTsi1Xpr7e42WDDc5SEWB4YnRAr74CsaOxhcobFlC', 8, NULL, '2019-02-08 14:40:02', '2019-02-08 18:42:55', 'Ativo'),
(256, 'Maria Karoline Andrade Soares', '4140133', '$2y$10$.j/G22dTrp1f.2uM8TEfAOBsUYzOWF3TqdNdIklPefe/vEz7.8iPO', 8, NULL, '2019-02-08 14:40:02', '2019-02-08 18:42:55', 'Ativo'),
(257, 'Maria Valdenia Bezerra Pereira', '2491830', '$2y$10$QLfsG5TEue4JFceOn1uGD.NbdJbaG30dg4t9YDN89mF7dTjecTq9e', 8, NULL, '2019-02-08 14:40:02', '2019-02-08 18:42:55', 'Ativo'),
(258, 'Natiele Martins de Oliveira', '2106017', '$2y$10$BEN.8xzlWiMUK7xkWzKOQ.VADZyhMVPOCT2tQC69PAlPdNpAinZN6', 8, NULL, '2019-02-08 14:40:02', '2019-02-08 18:42:56', 'Ativo'),
(259, 'Paulo Roberto de Araujo Farias', '2487935', '$2y$10$N4MOzHsNYe4GVTD7gO2LFOzfrRGIw6l7lg9MwTLCdMhaMwNigUYW.', 8, NULL, '2019-02-08 14:40:02', '2019-02-08 18:42:56', 'Ativo'),
(260, 'Renan Vaz de Freitas', '2490725', '$2y$10$XVtmnpNci5EGK8vAUvxhbeW4mZdyupsAVWqPPadVpV6z3nAOP9K8m', 8, NULL, '2019-02-08 14:40:03', '2019-02-08 18:42:56', 'Ativo'),
(261, 'Reynaldo Ferreira da Silva', '2106104', '$2y$10$wDhWUT7YSyRTnU149iN22e.lpSS.dV5UJiMeylE4rHvxYGlIY1dBm', 8, NULL, '2019-02-08 14:40:03', '2019-02-08 18:42:56', 'Ativo'),
(262, 'Sarah Geisa Muniz Silva', '2489413', '$2y$10$LuaIfUvSX671lEVzwTACK.JjsHta2vUyAInCTaShrHMDuOGiYphdO', 6, NULL, '2019-02-08 14:40:03', '2019-06-10 17:33:42', 'Ativo'),
(263, 'Sara Mendes Oliveira', '2102906', '$2y$10$DVZHatMO0.bGbJhSUGGSuuY8o2N9zXl4Vanvo/KwcaE8U0nCSmFt.', 8, NULL, '2019-02-08 14:40:03', '2019-02-08 18:42:56', 'Ativo'),
(264, 'Sayonara dos Santos Feitosa', '2492968', '$2y$10$HwrSh/JZLst/.onuWvuryOH9njvNHvxjInzE8L8xJKd8rlq.Z./5S', 8, NULL, '2019-02-08 14:40:03', '2019-02-08 18:42:56', 'Ativo'),
(265, 'Valterlande Maciel da Silva', '2102937', '$2y$10$mICK0lqDzqvc5h9xkYVqWefNvzDRr5fv8IqOvNwpE/X2EPKz4e34q', 8, NULL, '2019-02-08 14:40:03', '2019-02-08 18:42:57', 'Ativo'),
(266, 'Alisson Rocha Siqueira Barroso', '3874775', '$2y$10$QEYHNCVtxfzQjkJqPgd4xeteuzb3TklwsW1.JhqKSfPS47LFO/Tdq', 9, NULL, '2019-02-08 14:42:00', '2019-02-08 18:42:57', 'Ativo'),
(267, 'Antonio Thallys do Rêgo Abreu', '3877937', '$2y$10$SMCcxsGgoJ.Yocyn3fHQGeemWOENIkfBBYdl.1xRHBJ5RbjTgdkLm', 9, NULL, '2019-02-08 14:42:00', '2019-02-08 18:42:57', 'Ativo'),
(268, 'Breno Nascimento Anastacio', '2487814', '$2y$10$w8ciuWxRnxqLv7Kpfk7fteVWDF5ySi3QpOyqI4ZLUESqXcuLUmofC', 9, NULL, '2019-02-08 14:42:01', '2019-02-08 18:42:57', 'Ativo'),
(270, 'Carlos Schumacher Santos Vieira', '2491793', '$2y$10$0PRPdGf0MZ89EmjnpL7R2eRoEQ65gRev1S2iZPzpGJgKP1w.6aX8y', 9, NULL, '2019-02-08 14:42:01', '2019-02-08 18:42:57', 'Ativo'),
(271, 'Débora Cristina Ribeiro Nunes', '2108286', '$2y$10$a2pYf1wclJd7f.JdE0qg/uQ9zc4X7TzgQWEuB2GgCO1FUF9Ptn2fC', 9, NULL, '2019-02-08 14:42:01', '2019-02-08 18:42:57', 'Ativo'),
(272, 'Emilly Sângela Jucá da Silva', '3460823', '$2y$10$/kofsGm7dnRUo3ZVpajZ1OT3PoZcWs6p119w/1qQIN46FOtONcKkq', 9, NULL, '2019-02-08 14:42:01', '2019-02-08 18:42:57', 'Ativo'),
(273, 'Erika Abreu Silva', '2492063', '$2y$10$mzP6DaTZHj680aDTgTlYjOb7CpqFxKbkQw2qcsF9gh6Ta/elNcKBG', 9, NULL, '2019-02-08 14:42:01', '2019-02-08 18:42:58', 'Ativo'),
(274, 'Francisco Ariel Ortega Araujo Domingos', '3877635', '$2y$10$tb3KW82/REgxyptfCkyDfOK6PiTT4otrTKHlg4MaDYJWdENbb1SlO', 9, NULL, '2019-02-08 14:42:02', '2019-02-08 18:42:58', 'Ativo'),
(275, 'Francisco Breno Costa Ferreira', '2488580', '$2y$10$DailoIGjp2Km/rh5ghOgV.fQz1QcOrJo74vfyp9leZWTvCHT3vDWu', 9, NULL, '2019-02-08 14:42:02', '2019-02-08 18:42:58', 'Ativo'),
(277, 'Francisco Maycon Lima Pinto', '3879312', '$2y$10$VtQKAJu75OcJ6h.Wsj2Zk.CY1Yq63SjCAwpufbSgubsIWUTMz6Z5C', 9, NULL, '2019-02-08 14:42:02', '2019-02-08 18:42:58', 'Ativo'),
(278, 'Francisco Pedro Abreu Mariano', '2904097', '$2y$10$DecfkQmcQkdypGtbqZj00e.5x5XmXqC7eSAtVS2WVkLH9mQe70K.m', 9, NULL, '2019-02-08 14:42:02', '2019-02-08 18:42:58', 'Ativo'),
(279, 'Francisco Ryan Pereira Alencar', '2489401', '$2y$10$YGqaRK2siXRskap.ZIes6OgaNKgjuBxQQ4ztytI9kb.rr0FCDnCaW', 9, NULL, '2019-02-08 14:42:02', '2019-02-08 18:42:58', 'Ativo'),
(280, 'Francisco Werlis Pinto Castro', '2428125', '$2y$10$8NTcbUCMveX/aNIlkmrp8Ojz7f0bMHJxT4tr3wJ3Ps.KmfyQ5zFGa', 9, NULL, '2019-02-08 14:42:03', '2019-02-08 18:42:59', 'Ativo'),
(281, 'Ianka Sousa Magalhães', '2489989', '$2y$10$mD/yh3cIY8DfaeZeibosP.7oqMo6csFc1W6DlXi2AXvmg1RsiqQMC', 9, NULL, '2019-02-08 14:42:03', '2019-02-08 18:42:59', 'Ativo'),
(282, 'Ibson Freitas de Almeida', '3879244', '$2y$10$K32OPzxcWog6onOsWGhc5eGlJKGILjW2tLpyxjn0lz400AqoSVMZa', 9, NULL, '2019-02-08 14:42:03', '2019-02-08 18:42:59', 'Ativo'),
(283, 'João Pedro Cordeiro Guimarães', '3802217', '$2y$10$NPUyWJ7Bslo86t9y8M.O3e37ZOKm.siQwIO8CMeOIxAUmD2R1OBu.', 9, NULL, '2019-02-08 14:42:03', '2019-02-08 18:42:59', 'Ativo'),
(284, 'João Silva Souza Neto', '2896286', '$2y$10$.GM9uAvaPvXJq5/RsZ8IkeCPMtr9ELPVVfxi4Hvh4Fsnj6zAsBT3a', 9, NULL, '2019-02-08 14:42:03', '2019-02-08 18:42:59', 'Ativo'),
(285, 'João Victor Abreu Sousa', '3879807', '$2y$10$JDLMQX2Mi7HSoBOvVINeAuwb9xpIDvmX6I6Xt5P.Tc6joqa5WtfFK', 9, NULL, '2019-02-08 14:42:03', '2019-02-08 18:42:59', 'Ativo'),
(286, 'João Vinicius de Castro Barbosa', '3800917', '$2y$10$rcBASxKeorGV.MSh/LqkD.S/Eukhcl3H22EnYBuLr.LC4LtDPdMJ.', 9, NULL, '2019-02-08 14:42:03', '2019-02-08 18:42:59', 'Ativo'),
(287, 'Luiz Davi Sales da Mata', '2487379', '$2y$10$z20np4Z08N9uHLjSRUeLdO5aIvw5HOzpVj0Lv0sbB7yhCOlwNcp8y', 9, NULL, '2019-02-08 14:42:04', '2019-02-08 18:42:59', 'Ativo'),
(288, 'Marcela Vieira Freitas Barbosa', '3805096', '$2y$10$/C/dibEMd.iVwqgN13hss.si5vrout7E5HWQSBpdEu0L/ILjUXxTa', 9, NULL, '2019-02-08 14:42:04', '2019-02-08 18:43:00', 'Ativo'),
(289, 'Maria Nayara Braz dos Santos', '2489382', '$2y$10$Am1t9weXnTlmFKr8fitufudlvvmdecR7B/MPHZeDzyhJd1uHZjPfC', 9, NULL, '2019-02-08 14:42:04', '2019-02-08 18:43:00', 'Ativo'),
(290, 'Paulo Levi Vieira Alencar', '2497951', '$2y$10$hchAl.x/IazHAkICHIj2uO788TLyZkT17Q.9tYvs9mPwglTTTzTj6', 9, NULL, '2019-02-08 14:42:04', '2019-02-08 18:43:00', 'Ativo'),
(291, 'Pedro Victor Anselma Braga Gois', '3562577', '$2y$10$KA32G2tNyUCqEDV0dgIbye4GODH/lM0uYNFeuj.Xyuc.niyotyJwy', 9, NULL, '2019-02-08 14:42:04', '2019-06-10 17:48:05', 'Desativo'),
(292, 'Wallisson Pereira Neves', '2490001', '$2y$10$OpaYV7Qc9XTr9rZp65GnR.gFFXhwN22RMwBOkLvy/CPYoOymawsWy', 9, NULL, '2019-02-08 14:42:04', '2019-02-08 18:43:00', 'Ativo'),
(293, 'Amanda Larissa Castelo Barbosa', '3883650', '$2y$10$I.DW24e63hf3XPPhL9.Dx.SsHhJ1FBgYaCW0q2s0DH2sQq2KN8nIO', 10, NULL, '2019-02-08 14:44:35', '2019-02-08 18:43:00', 'Ativo'),
(294, 'Antonia Evanir de Sousa da Silva', '2866951', '$2y$10$rz8bb8nY0pg0pdVTCQnyzuwv.EC14jNdOrrr7SNaTTsluJbbuUDla', 10, NULL, '2019-02-08 14:44:35', '2019-02-08 18:43:00', 'Ativo'),
(295, 'Antonio Jorge Cunha de Freitas', '3835417', '$2y$10$9K5EpzXMtKUoVDdUELV5S.LKMDP9DAH5abSLFUKsyK3BMi9CgP7Gm', 10, NULL, '2019-02-08 14:44:35', '2019-02-08 18:43:01', 'Ativo'),
(296, 'Chrisláine Maria Mendes Castelo', '3804002', '$2y$10$zF2brOHVtVEH34YjgDD6L.tWFg8JbSjshBkGCbpJG1gm.MWlL1/ru', 10, NULL, '2019-02-08 14:44:36', '2019-02-08 18:43:01', 'Ativo'),
(297, 'Francisca Késia Pereira Braga', '2495863', '$2y$10$c3P8EYtwzDUEMGaL2fMLOukTmO51htqjU2Afchhgg68CBM2xSXbk2', 10, NULL, '2019-02-08 14:44:36', '2019-02-08 18:43:01', 'Ativo'),
(298, 'Francisco Eduardo Sampaio Domingos', '3878298', '$2y$10$Ae/T.KF0HhTlXqQ9NzukWevVIQPa4P6xKF1uzf120Cn.WPEJ0.sZC', 10, NULL, '2019-02-08 14:44:36', '2019-02-08 18:43:01', 'Ativo'),
(299, 'Francisco Mateus Damasceno de Sousa', '3217940', '$2y$10$lBhk80V.oaPFtadZQqGwf.wDf4kqX4v7RdoMdYsUD2Yr3MbZ6.rq2', 10, NULL, '2019-02-08 14:44:36', '2019-02-08 18:43:01', 'Ativo'),
(300, 'Gerardo Marcelo Tavares Rocha', '2492551', '$2y$10$NgMrN2islAz/Z/UU5YqTm.2rUm97ksewip/B1jl6O9FbVL7wp3Ohq', 10, NULL, '2019-02-08 14:44:36', '2019-02-08 18:43:01', 'Ativo'),
(301, 'Hellen Davila Araujo Maciel', '3603350', '$2y$10$7zBP3Wuq7Jn.9z7QgaAkzu3GAsv9/W18K0tVHS4zddvGs82oxfBhe', 10, NULL, '2019-02-08 14:44:36', '2019-06-10 17:49:06', 'Desativo');
INSERT INTO `alunos` (`id`, `nome`, `matricula`, `senha`, `turma_id`, `img_src`, `created`, `updated`, `status`) VALUES
(302, 'Jessica da Silva Leitão', '2902805', '$2y$10$lFO3LxyFzt9AlGnoDPJHSe1DYs7exoNezoLDLVtmiuMkuFrPCObtO', 10, NULL, '2019-02-08 14:44:36', '2019-02-08 18:43:02', 'Ativo'),
(303, 'José de Freitas Farias', '2498155', '$2y$10$Y46XfD0VA2oVEt5rp8eCr.hDD9YNOkjGQe7obuHgzBeO9ycGvA.w6', 10, NULL, '2019-02-08 14:44:37', '2019-02-08 18:43:02', 'Ativo'),
(304, 'José Rodrigues Teixeira Neto', '3881647', '$2y$10$0zFehOLTybrvPafLmJNg3.L7Yi1hTI5DAtwa.ampmozPzMuZVC4OW', 10, NULL, '2019-02-08 14:44:37', '2019-02-08 18:43:02', 'Ativo'),
(305, 'Luana de Queiroz Rocha', '2492552', '$2y$10$dIDfZOp3otV1/4Z91ux8RuP8o3RcqQ6J4/7MFyM00shghVKzivhl.', 10, NULL, '2019-02-08 14:44:37', '2019-02-08 18:43:02', 'Ativo'),
(306, 'Lucas Rocha Amorim', '4155300', '$2y$10$TWA3qlMwc3FDQoTb8Dmc9u0eTjsvWEHz.DBal.kPs0xzrYuyzUNki', 10, NULL, '2019-02-08 14:44:37', '2019-02-08 18:43:02', 'Ativo'),
(307, 'Maria Eduarda Santos Sales', '3036062', '$2y$10$XttQdgP6oOkcup/6yWQZ8.GDq9/dlbsbfdbWrKQZez5dpLoghPiPW', 10, NULL, '2019-02-08 14:44:37', '2019-02-08 18:43:12', 'Ativo'),
(308, 'Maria Jaine do Sousa Alves', '2490431', '$2y$10$C691Woyv979LsEzVfCCsE.KZLDmUljobOUhjssHKwwta.VspN.xB6', 10, NULL, '2019-02-08 14:44:37', '2019-02-08 18:43:12', 'Ativo'),
(309, 'Maria Mylena Castro Almeida', '2495065', '$2y$10$akOgEXsuqOGT0GJ5NXjlVev8ucSGDhsRDl55GFg3x2.N2EIGbQaWK', 10, NULL, '2019-02-08 14:44:37', '2019-02-08 18:43:12', 'Ativo'),
(310, 'Maria Raquel Silva Paulino', '2491339', '$2y$10$pi8pKPCnQ0A.4r0ZGJUvlelvgpublOPlsN61fF98YxP5P58s1Bqbi', 10, NULL, '2019-02-08 14:44:37', '2019-02-08 18:43:13', 'Ativo'),
(311, 'Maria Tays Andrade Silva', '2492430', '$2y$10$V2At6hXm43JWQN4itsCOLOYDNSbly6iVdCsanKFzANu70bouvJrqm', 10, NULL, '2019-02-08 14:44:38', '2019-02-08 18:43:13', 'Ativo'),
(312, 'Mayra Gabriely Honorato Silva', '3880164', '$2y$10$isDfxwLk1fGh8bbR4h8wFeTqMrrAx7qp5PQt.CYedcBJHNBcA7oni', 10, NULL, '2019-02-08 14:44:38', '2019-02-08 18:43:13', 'Ativo'),
(313, 'Paulo Vinicius de Castro Paula', '2901863', '$2y$10$2No4mkJwsdNJxRytqMW.v.iUJOq9GtDfjDp5KtROFMWEqEWuKZ26u', 10, NULL, '2019-02-08 14:44:38', '2019-02-08 18:43:13', 'Ativo'),
(314, 'Pedro Lucas Medeiros Pereira', '3591679', '$2y$10$pH6Hl8oM2cNGHZMMz5MzL.rmC1NDqB0jUK5L/BcSbk5hecnJ9fDZe', 10, NULL, '2019-02-08 14:44:38', '2019-02-08 18:43:13', 'Ativo'),
(315, 'Pedro Renilson Monteiro Alves', '2487530', '$2y$10$N3zqI3otJq9ZW0bc6y.aT.p6XJw0aN8mnN7p6YC7fAOukCThbG9K6', 10, NULL, '2019-02-08 14:44:38', '2019-02-08 18:43:13', 'Ativo'),
(316, 'Rilcilene Vieira do Nascimento', '3879223', '$2y$10$rQezFhVhTKcP4UFV3zuxV.aMKRsvEF20rywsmOi2DeY7MnjYBqYUi', 10, NULL, '2019-02-08 14:44:38', '2019-02-08 18:43:13', 'Ativo'),
(317, 'Wind Nathanaelle Bezerra do Nascimento', '2491160', '$2y$10$7EzkpWZ.27S92VDkVgoW5.jRUb99RH0oyU0RKcCd5ZkeOYpCTleqK', 10, NULL, '2019-02-08 14:44:38', '2019-02-08 18:43:14', 'Ativo'),
(318, 'Ana Beatriz Santos Braga', '2491108', '$2y$10$xXZMsu6s3yOEYBt0mWEavudt3uWMOvUe0ehI42LVL/DDHJwx7QqKi', 11, NULL, '2019-02-08 14:45:44', '2019-02-08 18:43:14', 'Ativo'),
(319, 'Antonio Matheus Sousa Santos', '2488456', '$2y$10$FrnQGfA26Rbf9FjpkxObUO8iusNhGR5zK7BQgbue9S1g0OUhMa91u', 11, NULL, '2019-02-08 14:45:44', '2019-02-08 18:43:14', 'Ativo'),
(320, 'Brena Jessica Sousa Fernandes', '4339353', '$2y$10$soCcs96F3OK1uG713iRTLez.bGdbsWKoLnUkXjX8pmRRSIIqQE4hm', 11, NULL, '2019-02-08 14:45:44', '2019-02-08 18:43:14', 'Ativo'),
(321, 'Charles Alves Morais', '2493122', '$2y$10$I39dnulmYujG953LnoYJW.CFPMwo/wIwnmHmS98si85SzU0MBXrnW', 11, NULL, '2019-02-08 14:45:45', '2019-02-08 18:43:14', 'Ativo'),
(322, 'Dhiago Icaro Oliveira Maciel', '2493543', '$2y$10$4B67DPD.Ef/vaxE0jXsUMuxbhfBZt/E/qkRS2tdLJZVu/LrbTTu5q', 11, NULL, '2019-02-08 14:45:45', '2019-02-08 18:43:14', 'Ativo'),
(323, 'Franciana Santos Rodrigues', '2495914', '$2y$10$7zJtHnWMigmyojMocDEQM.LSCXhDack9GcymqOoSQsWicLyVL24fe', 11, NULL, '2019-02-08 14:45:45', '2019-02-08 18:43:14', 'Ativo'),
(324, 'Francisco Douglas Carlos Pereira', '2620057', '$2y$10$ojXvVBkxwBcG.ASaLeNhHuyGRDEEmYxbEu5YqccUSGCN708BqwNde', 11, NULL, '2019-02-08 14:45:45', '2019-02-08 18:43:14', 'Ativo'),
(325, 'Francisco Leandro Silva Pereira', '2497520', '$2y$10$YLFXx4iWFQHVeebEy8z.meiVK751wvOMaSV/XLR3mXiHDrK5fKhZK', 11, NULL, '2019-02-08 14:45:45', '2019-02-08 18:43:15', 'Ativo'),
(326, 'Gabriel Rocha Amorim', '4171922', '$2y$10$LmlOR5zQg3Bv.19AkdQrk..bT.W6syQLhGLav52L/lER.6iUlEAyq', 11, NULL, '2019-02-08 14:45:45', '2019-02-08 18:43:15', 'Ativo'),
(327, 'Isac Anthory Araújo da Costa', '2888882', '$2y$10$79CriLsRSi9AHU0wYR2TyuJJ9JTfpE.gmErT9BLTBa58MZE9hUcra', 11, NULL, '2019-02-08 14:45:45', '2019-02-08 18:43:15', 'Ativo'),
(328, 'Jhuan Silva Sousa', '3603335', '$2y$10$9FnApk6.MrzvUBFZFFTnRuRMuMokEukKqbdJC.M0B3xcbUuc6olyi', 11, NULL, '2019-02-08 14:45:46', '2019-02-08 18:43:15', 'Ativo'),
(329, 'Kaio Gabriel Pereira Santos', '2488268', '$2y$10$v4P/0ha2ugv1eA/Pr6xFWezDCUFH78r6oVdSdFMsBxdqsrTC9tzg2', 11, NULL, '2019-02-08 14:45:46', '2019-02-08 18:43:15', 'Ativo'),
(330, 'Kaio Guilherme Cunha Cruz', '3879808', '$2y$10$qg8goOZWwPTBn56g15JFq.ev4BT3eEDtXnQmO2Xe53FBWdxvj0ztS', 11, NULL, '2019-02-08 14:45:46', '2019-02-08 18:43:15', 'Ativo'),
(331, 'Larissa Muniz Oliveira', '3580686', '$2y$10$/CmHcTSHEfAyQ9jlwhmuNezRm/nQf3w41Cx9ZsofiDFLsZWa5q65i', 11, NULL, '2019-02-08 14:45:46', '2019-02-08 18:43:16', 'Ativo'),
(332, 'Luana Victória Lima Magalhães', '3880151', '$2y$10$TUb8UyUAhqLuOFT6FtZlhO0nN.TSr8e5l0MVol7T4BudBYRS16YbS', 11, NULL, '2019-02-08 14:45:46', '2019-02-08 18:43:16', 'Ativo'),
(333, 'Maria Eduarda Sousa Ribeiro', '2497983', '$2y$10$vlC9CD37V9Hc6KtMwPbX1OAVtlH.zc4odwHyeWgCdhietLWKX53sO', 11, NULL, '2019-02-08 14:45:46', '2019-02-08 18:43:16', 'Ativo'),
(334, 'Maria Jhully Tavares dos Santos', '3877905', '$2y$10$33vWqriBFQAwtYGWpEipOO/LjF0UKBCvDLXxw8cpZevsE7BIf4Mga', 11, NULL, '2019-02-08 14:45:46', '2019-02-08 18:43:16', 'Ativo'),
(335, 'Maria Valnice Silva Sousa', '2494861', '$2y$10$HUjlZGkn39fA6GrPLKZUweMgcXSYgYSe1mdwbJizZbfCHDiSw..lO', 11, NULL, '2019-02-08 14:45:46', '2019-02-08 18:43:16', 'Ativo'),
(336, 'Maria Vitória Barbosa Silva', '2495963', '$2y$10$6xTGhPyQXGEUA7G3rXEvfOxTvAKmnPHp7tVlAVNu0JBryr4h5/P6y', 11, NULL, '2019-02-08 14:45:47', '2019-02-08 18:43:16', 'Ativo'),
(337, 'Pablo Hendrigo Brito Silva', '2490170', '$2y$10$9ARz11sidNzYHJzSThwpFOrvEepYw8ktU29j9B44AcP9AfgDn0ZeC', 11, NULL, '2019-02-08 14:45:47', '2019-02-08 18:43:16', 'Ativo'),
(338, 'Pedro Jérison Anastacio de Paula', '2104917', '$2y$10$jmwtHQI7PzA4KNcD469ZtOVu9k.0sXqLSbHrf8KNj9NhGIGpi/RiS', 11, NULL, '2019-02-08 14:45:47', '2019-02-08 18:43:16', 'Ativo'),
(339, 'Pedro Lincow Cavalcante Chaves', '3877791', '$2y$10$7Jvk0AOR77nW8PR5YJjOuOY5kggExFkw5guvA.hIMRY3fHV.WCFxC', 11, NULL, '2019-02-08 14:45:47', '2019-02-08 18:43:17', 'Ativo'),
(340, 'Ricardo Almeida Santos Júnior', '3880757', '$2y$10$a3gHys1yfz92K0lcnUm8R.6wEF4zwP51vzUCgYiBRoh23a/aavagy', 11, NULL, '2019-02-08 14:45:47', '2019-02-08 18:43:17', 'Ativo'),
(341, 'Stefson Romário Sampaio Magalhães', '3879382', '$2y$10$GdH14PFlyec/szTY4Wj./e753pwLQzT6Agw4ev5hIo/sN8aqbl27W', 11, NULL, '2019-02-08 14:45:47', '2019-02-08 18:43:17', 'Ativo'),
(342, 'Tainá Santos de Oliveira', '1679832', '$2y$10$f3MksLSIllvQ7QYeHOoXaepscF7gQ.X/Jds0XNwA2X4RfFQf4YFf6', 11, NULL, '2019-02-08 14:45:47', '2019-02-08 18:43:17', 'Ativo'),
(343, 'Thalyta Maira Pereira Silva', '2489453', '$2y$10$qp849VegG2amRLegEQjBJ.zlY20GIlI5iRxlY41bTWEto8TFI7DYK', 11, NULL, '2019-02-08 14:45:47', '2019-02-08 18:43:17', 'Ativo'),
(344, 'Wenden Alan Sousa Gomes', '3706955', '$2y$10$RSyyqVngpCJd9k795hFJte5GZOR0qdbDDHWAdYocM2tDjhHLgfOw2', 11, NULL, '2019-02-08 14:45:48', '2019-02-08 18:43:17', 'Ativo'),
(345, 'Ana Gisele Freire dos Santos ', '4338484', '$2y$10$LZe4Lt846/tzjr/7hMPpj.ozAqkot/NptMCzKlxqVK3EGQ1ZVogoK', 3, NULL, '2019-02-08 15:26:02', '2019-02-08 18:43:18', 'Ativo'),
(346, 'Ana Vitória Braz Santos ', '2487619', '$2y$10$9Gyyui7Qlc46GMGkTCRIgu46LC1uUarZkiDxR/gcyKUkU.KsxzEgi', 3, NULL, '2019-02-08 15:26:02', '2019-02-08 18:43:18', 'Ativo'),
(347, 'Antonia Janderlania Alves de Castro ', '2489233', '$2y$10$NuL6MA4.C/FqS0.TRksaf.qb5c2A./.g1nfHenv5qYR8ui0ob1Tsy', 3, NULL, '2019-02-08 15:26:03', '2019-06-10 17:03:33', 'Desativo'),
(348, 'Antonia Kayane Cruz Muniz', '2490307', '$2y$10$eenFXtfI4.a4.ivQwW9R3urqbQvS6fnKcdPNAwwEYCE075MH.I/fi', 3, NULL, '2019-02-08 15:26:03', '2019-02-08 18:43:18', 'Ativo'),
(349, 'Antonio Alves Pereira Neto ', '4338579', '$2y$10$9AoUT4nDaFLA6Gh9qu1KXueBWJL8kFHHtTn0vZxT9vrHLKM1RLFDu', 3, NULL, '2019-02-08 15:26:03', '2019-02-08 18:43:18', 'Ativo'),
(350, 'Antonio Marcelo Costa Mariano ', '2102368', '$2y$10$GUPUGnXdv2lUzCmP5t6UYeKeoHKZtixmYoX4.XqpD79nkxW55o5.q', 3, NULL, '2019-02-08 15:26:03', '2019-02-08 18:43:18', 'Ativo'),
(351, 'Daiany Dias Marreiro ', '1913512', '$2y$10$dj4Dyb8cOy/aGQm5/tDD8.qGtVLs6IKjIHGP/.fEHoEknCKeQVsl.', 3, NULL, '2019-02-08 15:26:04', '2019-02-08 18:43:18', 'Ativo'),
(352, 'Dandara do Nascimento Santos ', '2497673', '$2y$10$tmigiXIw96PBNoPC1YBGoe5hZW5iT98Cb1q0Hzj1HD2zHApljsDCi', 3, NULL, '2019-02-08 15:26:04', '2019-02-08 18:43:18', 'Ativo'),
(353, 'Elen Mara Tomé Barros ', '2491511', '$2y$10$PcODYqtQMJHKflxUb3b1S.6nJT47vcrDSC.7w49ZPyKQkfYOWJl3m', 3, NULL, '2019-02-08 15:26:04', '2019-02-08 18:43:19', 'Ativo'),
(354, 'Ellen Mara Pinto Dias', '2497562', '$2y$10$CSa6rrmVdZa3F0wGKIRCeeFMhdgTC5cLjbicCVHxD8/wXAw.rdu4C', 3, NULL, '2019-02-08 15:26:05', '2019-02-08 18:43:19', 'Ativo'),
(355, 'Felipe Vieira de Menezes Alves ', '4339066', '$2y$10$te5xZiw1vGGfwshs9XkdtuoQ9LRrTU/r4sol6Sa6X177kLef.I6km', 3, NULL, '2019-02-08 15:26:05', '2019-02-08 18:43:19', 'Ativo'),
(356, 'Fernando David Castro Silva ', '4338592', '$2y$10$zerwYoTQnIAHv8uP4/19sepaq6YnEHeWsBijuR31vlkx1F8.JMeNm', 3, NULL, '2019-02-08 15:26:05', '2019-02-08 18:43:19', 'Ativo'),
(357, 'Francisco Adilson Cavalcante Freitas ', '2489808', '$2y$10$NPnt8vUmDGrRLVBGAiUZ0O0rO6v4nlQSVnVwl/ki35WhVcZt2HqoW', 3, NULL, '2019-02-08 15:26:05', '2019-02-08 18:43:19', 'Ativo'),
(358, 'Francisco Jefferson Abreu da Silva ', '2487999', '$2y$10$2viKtoRnksYI/ojW5WanBeCcWjYgpxzO2eWa8WG4tqmkLK.BiYpHO', 3, NULL, '2019-02-08 15:26:06', '2019-02-08 18:43:19', 'Ativo'),
(359, 'Francisco Lucas Cruz de Freitas', '3245448', '$2y$10$jXggREPadY.Uta6b9kCn4uLXrMnb.RQ2TMtgswtsuWVx86SXWRDTu', 3, NULL, '2019-02-08 15:26:06', '2019-02-08 18:43:19', 'Ativo'),
(360, 'Gabriel Leitão Santos', '2107252', '$2y$10$XE6mOacKj4gtIjDnBfmZf.5zl0xlZfabV.V1ckSl5DT1KYfa.KCGu', 3, NULL, '2019-02-08 15:26:06', '2019-02-08 18:43:20', 'Ativo'),
(361, 'Guilherme Acrisio Freire Sousa Nunes', '3555257', '$2y$10$D.GHtAHLHZCFB8U67iozx.2ZIgjB9bjooZU9PFKcIcx0WwKsZvpiW', 3, NULL, '2019-02-08 15:26:07', '2019-02-08 18:43:20', 'Ativo'),
(363, 'Jennyfer Xavier Batista ', '4248482', '$2y$10$cpg7g7/ymPj0PWhKylQ5Cu8UGMJlWBEcNqH.hx4MBzfz5ZS7cbHaq', 3, NULL, '2019-02-08 15:26:07', '2019-02-08 18:43:20', 'Ativo'),
(364, 'João Antonio Teixeira da Silva ', '2489152', '$2y$10$hJiuUjH7t3jE6IFAUucMcO8tNmcXXUtMdQbCM3i44K7W5vXg7QAgC', 3, NULL, '2019-02-08 15:26:07', '2019-02-08 18:43:20', 'Ativo'),
(365, 'Jorge Enzo Honorato Silva', '4329283', '$2y$10$/2XQoK6mFsyVndhdrBIJLOVusg8iwJT.7tJILktoLfaUbYGKw3YOS', 3, NULL, '2019-02-08 15:26:08', '2019-02-08 18:43:20', 'Ativo'),
(366, 'Júlia Sinhá Alves Marreiro Barreto ', '4338589', '$2y$10$kyDszP9y/0plBRnFL/Y72uaZz/ZDp8wGQbEUlk1/3Wmdn3rdPrnMO', 3, NULL, '2019-02-08 15:26:08', '2019-02-08 18:43:20', 'Ativo'),
(367, 'Karolina Aghata Guerra Mesquita ', '4338580', '$2y$10$SC2QBcoCkDsQiPQ3nejvYeRNPtY174EylxfXiuYRIVDT5jeYfoTbG', 3, NULL, '2019-02-08 15:26:08', '2019-02-08 18:43:21', 'Ativo'),
(368, 'Lucas Pinto Nunes ', '3265209', '$2y$10$xE600niqJXmFXyzFeIdn8u8KfGJ.KwIiEZepJv0L4p14tXrjQVewW', 3, NULL, '2019-02-08 15:26:09', '2019-02-08 18:43:21', 'Ativo'),
(369, 'Maria Clara Freire da Silva ', '4338460', '$2y$10$iH8cEu04bXtIqYXQ.JNxEet1kLwSNEYM8YhwI5GaU2EbYIs3iWUBO', 3, NULL, '2019-02-08 15:26:09', '2019-02-08 18:43:21', 'Ativo'),
(370, 'Maria Clara Gomes Rodrigues', '4330384', '$2y$10$LH4DxMYsarMelfcE9OPBpuzyfRkpffXQJfGWDAseRGqPeBxj/Xi/G', 3, NULL, '2019-02-08 15:26:09', '2019-02-12 12:36:03', 'Ativo'),
(371, 'Maria Paloma Ferreira Barbosa ', '2493407', '$2y$10$uTr0/2JCoJWJzDdfVrLzN.65iHjvSFGFftTr2SR0sCoH0NqzOGq02', 3, NULL, '2019-02-08 15:26:09', '2019-02-08 18:43:21', 'Ativo'),
(372, 'Maria Talya Andrade Silva ', '2492411', '$2y$10$oVONOR6nXTcoQnpMTOwuTO8M0UPzBe4Qq8Vg8RA53Db5cpmVNmYhy', 3, NULL, '2019-02-08 15:26:10', '2019-02-08 18:43:21', 'Ativo'),
(373, 'Maria Vanessa Angelo de Sousa ', '2958040', '$2y$10$vHPVh/r39NqPtygDBQFqK.k/Vql1.jzgNIMAqfA.OPUIDGoYklxRS', 3, NULL, '2019-02-08 15:26:10', '2019-02-08 18:43:21', 'Ativo'),
(374, 'Marília Grazielle Magalhães dos Santos Sousa ', '4338568', '$2y$10$uJrG6A4HrBy7rFWs6nBfZ..B3VHS9pWvRENOasv8/q2c5/6YjfYcS', 3, NULL, '2019-02-08 15:26:10', '2019-06-10 17:04:53', 'Desativo'),
(375, 'Miguell Ângelo Pereira de Souza  ', '3971059', '$2y$10$G/AhNrA3R0pi3nDTe4ONWe5klAmUGTLiM.aBHu7jbelM0Nm6d0aBm', 3, NULL, '2019-02-08 15:26:11', '2019-06-10 17:05:14', 'Desativo'),
(376, 'Pedro Guilherme Nascimento ', '3194663', '$2y$10$8JTonVdhsIExVk1ScY6ph.sGOVS6AYNNz.PD5mmWMemCQmY.M3wwu', 3, NULL, '2019-02-08 15:26:11', '2019-02-08 18:43:22', 'Ativo'),
(377, 'Pedro Kauan Gonçalves da Silva ', '4338591', '$2y$10$usPpv8khKiUEYqhEyJHHiewv59v6/gbfo0kWJXz1HGKtd14te0V3y', 3, NULL, '2019-02-08 15:26:11', '2019-02-08 18:43:22', 'Ativo'),
(378, 'Pedro Nayan Sousa Almeida ', '4016148', '$2y$10$j0ARmPr4OB9bPQCjH3YKdOI/fzI7W1EyzbNn7DFzN1Ik4ba49uiHi', 3, NULL, '2019-02-08 15:26:11', '2019-02-08 18:43:22', 'Ativo'),
(380, 'Taynara da Silva Cruz ', '4338039', '$2y$10$LG1ZxaLDwVlivZ8wBtkonO/f2Iq6Mt2dnM9LfL9Q1J7IOYBdGp9ZG', 3, NULL, '2019-02-08 15:26:12', '2019-02-08 18:43:22', 'Ativo'),
(381, 'Thaisa Gomes Cruz ', '3216469', '$2y$10$XA3RXfoKGXyCvbivcnfY3OcdL9k7AY.8/NtAefwT/qzRb97q6vUfG', 3, NULL, '2019-02-08 15:26:12', '2019-02-08 18:43:22', 'Ativo'),
(382, 'Vitória Ingrid Alves Bezerra', '2497647', '$2y$10$Rb9gH4js14dTx1r.NbG68el2nenOkmrGFQzdz4/2wCvoTkmL7nJSi', 3, NULL, '2019-02-08 15:26:13', '2019-02-08 18:43:23', 'Ativo'),
(383, 'Yasmim Bezerra de Sousa ', '2490504', '$2y$10$dQYJsbncV4/DPK/ugmsEROYtGnGxIwCoM9pkaOXcWVE1uRmTthrOe', 4, NULL, '2019-02-08 15:26:13', '2019-06-10 17:17:31', 'Desativo'),
(384, 'Renan Silva Maciel', '2103527', '$2y$10$UnXX7VWOn8FVpOm7NN6JgOT3vrOVHezG205gs8QSMpxOHEPA52JMm', 1, NULL, '2019-02-08 15:43:04', '2019-02-08 18:47:09', 'Ativo'),
(385, 'Anna Júlia Paulino Bastos Barbosa', '4357816', '$2y$10$Py5DlFd8K.yL/v6L9G5JkO1Vn0yTIHq7B5mPmIsf4DSE4g.eFljte', 1, NULL, '2019-02-12 17:23:06', NULL, 'Ativo'),
(386, 'Jhennifer Cristine Santana Soares', '2960348', '$2y$10$RSvAcNynRQ8ro8liAAUeY.52w9wX.Si1biyYON8rCz2E5DqSXLaM6', 2, NULL, '2019-02-18 10:43:39', '2019-02-18 13:48:01', 'Ativo'),
(387, 'Angel Gabriel Lima Ribeiro', '3210225', '$2y$10$PtDanpAM1ZI.rgSxSnEPo.ahBV78Vwegxk52K2s3SLNjpnVgDAgEm', 3, NULL, '2019-02-18 10:44:48', '2019-06-10 17:06:50', 'Desativo'),
(388, 'Livia Maria Costa Feitosa', '2490429', '$2y$10$bRkPzDF1PaJaCcnMDv5dP.jsZlFDRRXhBSN9uGGFT7/1gZ4s0wuwW', 3, NULL, '2019-02-18 10:46:00', NULL, 'Ativo'),
(390, 'Marcus Gabriel Bastos Ferreira', '2497569', '$2y$10$W6jWUtLRUFZit5XMEYEZfeo.k140Jf2uRv4sqz/GXqpWIljaLjbvK', 4, NULL, '2019-02-22 07:45:29', NULL, 'Ativo'),
(391, 'Francisco Diego Pereira Sousa', '2490009', '$2y$10$84M17/djscaDozCMjUVWKeIEiaLUclQ54bgunriwC2XEtcp51Wmg.', 3, NULL, '2019-03-01 10:32:30', '2019-06-10 17:07:32', 'Desativo'),
(392, 'Christian Valencia Zapata', '4380341', '$2y$10$P6bkW4czX.eAUG8EzlKT2OcPIcqEGRHpXbSpduy4Y.v5cq.jM9wSa', 1, NULL, '2019-03-01 10:33:45', '2019-06-10 16:50:28', 'Desativo'),
(393, 'Ana Livia Dias Rodrigues', '4135605', '$2y$10$cygp/AJJZJFgqbXwqCaGEecGY3GckXhH5O7kW99rjod/NMhsklb6a', 6, NULL, '2019-03-12 10:30:00', '2019-03-13 18:09:31', 'Desativo'),
(394, 'José Italo Silva Martins', '2491022', '$2y$10$AL6RWSsTRK35N/72bU45V.YNoBA0QCY2Ptvjgq9dUFqhsC3cDe3Ga', 4, NULL, '2019-03-29 14:47:48', NULL, 'Ativo'),
(395, 'Beatriz Rodrigues Alves', '3984753', '$2y$10$6oGZA23p5q53JUAOTCCNbOm8KyzuVzumEMcv/yKOv.vHXY3Aekwpy', 7, NULL, '2019-04-15 15:14:58', NULL, 'Ativo'),
(396, 'Maiane Iracema Lima Facó', '4428244', '$2y$10$0JBU74eKZwEXG5D/YS4GPu/HhZpTK3KUU3ydoJib.5/MCCssc2V.6', 6, NULL, '2019-04-29 15:56:51', '2019-06-10 17:33:05', 'Ativo'),
(397, 'Dallyson Carneiro de Almeida', '4441745', '$2y$10$yzJycIvIngKuSpNf6aJnUuSseaH6/l6WRKILaoNTCFNUn4.//19ei', 3, NULL, '2019-06-10 14:09:01', NULL, 'Ativo'),
(398, 'Thalita Amorim Dias', '1599320', '$2y$10$LLGPPHGfOQt8F1/K4zgGR..I38IOvtY.T.ERN7LHfTXySCju2H/SW', 4, NULL, '2019-06-10 14:20:15', NULL, 'Ativo'),
(399, 'Francisca Luana Santos Sa,paio', '2493733', '$2y$10$ckVC4h6FkPzC59TGjwmCTOkeY5obS8EBzyOK0dP0DoXeRYHcyP6e2', 6, NULL, '2019-06-10 14:34:30', NULL, 'Ativo'),
(400, 'Chaiane Rodrigues Pereira', '2495923', '$2y$10$Ik9kJR.GPJeQROiNIeZ2K.xlUCmGxNv7YZs22Tjrk45xLgScwk30m', 7, NULL, '2019-06-10 14:39:02', NULL, 'Ativo'),
(401, 'TesteRuan', '000000', '$2y$10$5SG9xlakvcC6UydKdf8abO2gMDTqWOOeLnDAXnNRLlHNuPaOi6Iru', 9, NULL, '2019-08-13 08:29:15', NULL, 'Ativo');

-- --------------------------------------------------------

--
-- Estrutura para tabela `eletivas`
--

CREATE TABLE `eletivas` (
  `id` int(11) NOT NULL,
  `titulo` varchar(50) NOT NULL,
  `descricao` text,
  `professor_id` int(11) DEFAULT NULL,
  `vagas` tinyint(4) NOT NULL DEFAULT '30',
  `status` enum('Aberto','Fechado') NOT NULL DEFAULT 'Aberto',
  `data_eletiva` date NOT NULL,
  `created` datetime NOT NULL DEFAULT CURRENT_TIMESTAMP,
  `updated` datetime DEFAULT NULL ON UPDATE CURRENT_TIMESTAMP
) ENGINE=InnoDB DEFAULT CHARSET=latin1;

--
-- Fazendo dump de dados para tabela `eletivas`
--

INSERT INTO `eletivas` (`id`, `titulo`, `descricao`, `professor_id`, `vagas`, `status`, `data_eletiva`, `created`, `updated`) VALUES
(1, 'MATEMÁTICA BÁSICA - 1º ANO ', '', 14, 41, 'Aberto', '2019-02-04', '2019-02-08 10:27:28', '2019-03-29 17:51:58'),
(2, 'ZOOLOGIA', '', 10, 40, 'Fechado', '2019-02-04', '2019-02-08 10:29:11', '2019-03-01 14:22:24'),
(3, 'PRÁTICAS LABORATORIAIS DE QUÍMICA', '', 22, 30, 'Fechado', '2019-02-04', '2019-02-08 10:29:59', '2019-03-01 14:22:17'),
(4, 'LITERATURA ATRAVÉS DO CINEMA', '', 1, 41, 'Aberto', '2019-02-04', '2019-02-08 10:31:21', '2019-04-29 18:57:53'),
(5, 'MATEMÁTICA BÁSICA - 2º ANO', '', 36, 40, 'Fechado', '2019-02-04', '2019-02-08 10:32:00', '2019-02-14 20:38:49'),
(6, 'ESPANHOL BÁSICO', '', 39, 40, 'Aberto', '2019-02-04', '2019-02-08 10:32:42', '2019-04-15 18:19:27'),
(7, 'PRÁTICAS LABORATORIAIS DE CIÊNCIAIS', '', 24, 31, 'Aberto', '2019-02-04', '2019-02-08 10:33:31', '2019-03-12 13:34:31'),
(8, 'CLUBE - PRÁTICAS ECUMÊNICAS E DIÁLOGO INTER', '', 23, 15, 'Fechado', '2019-02-04', '2019-02-08 10:37:40', '2019-03-01 14:22:06'),
(9, 'INFORMÁTICA BÁSICA', '', 9, 16, 'Fechado', '2019-02-04', '2019-02-08 11:05:53', '2019-02-13 14:12:56'),
(10, 'FUTSAL', '', 18, 41, 'Fechado', '2019-02-04', '2019-02-08 11:07:28', '2019-03-01 14:22:04'),
(11, 'EDUCAÇÃO PARA O TRÂNSITO', '', 25, 40, 'Aberto', '2019-02-05', '2019-02-08 11:09:52', '2019-03-12 13:34:51'),
(12, 'MATEMÁTICA BÁSICA - 1º ANO', '', 7, 41, 'Fechado', '2019-02-05', '2019-02-08 11:13:16', '2019-03-01 19:13:49'),
(13, 'BIOGEOGRAFIA', '', 10, 39, 'Fechado', '2019-02-05', '2019-02-08 11:14:02', '2019-03-01 19:13:01'),
(14, 'POVOS E COMUNIDADES TRADICIONAIS DO CEARÁ', '', 4, 41, 'Fechado', '2019-02-05', '2019-02-08 11:15:01', '2019-03-01 19:11:45'),
(15, 'EDUCAÇÃO, SAÚDE E BEM ESTAR ', '', 15, 41, 'Aberto', '2019-02-05', '2019-02-08 11:15:38', '2019-04-29 18:58:13'),
(16, 'CULTURA POLÍTICA ', '', 26, 40, 'Aberto', '2019-02-05', '2019-02-08 11:16:41', '2019-03-29 17:53:28'),
(17, 'COMUNICAÇÃO E ORATÓRIA ', '', 16, 41, 'Fechado', '2019-02-05', '2019-02-08 11:58:43', '2019-03-01 19:09:00'),
(18, 'CLUBE - FUTSAL FEMININO ', '', 27, 27, 'Fechado', '2019-02-05', '2019-02-08 11:59:52', '2019-02-14 21:16:35'),
(19, 'IFCE - DANÇA', '', 34, 30, 'Fechado', '2019-02-05', '2019-02-08 12:01:46', '2019-02-12 16:59:12'),
(20, 'CLUBE - BANDA MUSICAL ', '', 28, 10, 'Fechado', '2019-02-05', '2019-02-08 12:02:26', '2019-02-12 16:59:00'),
(21, 'CLUBE - LIBRAS ', '', 3, 32, 'Aberto', '2019-02-06', '2019-02-08 12:45:22', '2019-04-15 18:20:28'),
(22, 'LÍNGUA PORTUGUESA PARA O ENEM ', '', 19, 40, 'Aberto', '2019-02-06', '2019-02-08 12:47:06', '2019-02-20 12:24:49'),
(24, 'PORTUGUÊS BÁSICO - 2º ANO', '', 12, 40, 'Fechado', '2019-02-06', '2019-02-08 12:48:09', '2019-02-13 10:25:10'),
(25, 'PROFISSÃO E CARREIRA ', '', 16, 43, 'Aberto', '2019-02-06', '2019-02-08 12:48:45', '2019-04-29 18:58:34'),
(26, 'PORTUGUÊS BÁSICO - 1º ANO', '', 1, 40, 'Fechado', '2019-02-06', '2019-02-08 12:49:41', '2019-02-13 10:21:36'),
(27, 'HISTÓRIA DO REGIME MILITAR NO BRASIL ', '', 26, 41, 'Aberto', '2019-02-06', '2019-02-08 12:51:01', '2019-02-27 18:10:58'),
(30, 'BOMBEIROS -  JOVEM BRIGADISTA', '', 29, 40, 'Fechado', '2019-02-06', '2019-02-08 12:52:34', '2019-02-20 19:44:20'),
(32, 'FUTSAL', '', 18, 41, 'Aberto', '2019-02-06', '2019-02-08 13:19:05', '2019-03-29 17:55:10'),
(33, 'INFORMÁTICA BÁSICA ', '', 9, 16, 'Fechado', '2019-02-06', '2019-02-08 13:19:39', '2019-02-20 19:44:01'),
(35, 'CLUBE – CULTURA BRASILEIRA', '', 32, 17, 'Aberto', '2019-02-06', '2019-02-08 14:46:33', '2019-03-01 14:09:54'),
(36, 'MATEMÁTICA BÁSICA - 1º ANO', '', 7, 40, 'Aberto', '2019-02-07', '2019-02-08 18:04:13', '2019-03-13 19:10:15'),
(37, 'MATEMÁTICA BÁSICA - 1º ANO', '', 22, 40, 'Aberto', '2019-02-08', '2019-02-08 18:32:08', '2019-02-18 14:53:35'),
(38, 'CABELO E MAQUIAGEM', '', 19, 35, 'Aberto', '2019-02-07', '2019-02-13 08:00:19', NULL),
(39, 'GERENCIAMENTO DE RESÍDUOS ', '', 5, 37, 'Aberto', '2019-02-07', '2019-02-13 08:00:48', '2019-02-21 16:29:41'),
(40, 'MITOLOGIAS GERAIS ', '', 10, 35, 'Aberto', '2019-02-07', '2019-02-13 08:01:11', '2019-02-13 11:03:58'),
(41, 'ANATOMIA E FISIOLOGIA', '', 8, 38, 'Aberto', '2019-02-07', '2019-02-13 08:01:43', '2019-02-21 16:29:01'),
(42, 'O VALOR DO AMANHÃ', '', 1, 36, 'Aberto', '2019-02-07', '2019-02-13 08:03:48', '2019-02-20 15:44:26'),
(43, 'INTRODUÇÃO À ASTRONOMIA E ASTRONÁUTICA ', '', 2, 36, 'Aberto', '2019-02-07', '2019-02-13 08:09:28', '2019-03-29 17:56:24'),
(44, 'MEMÓRIA E CULTURA AFRO-BRASILEIRA E INDÍGENA ', '', 4, 39, 'Aberto', '2019-02-07', '2019-02-13 08:10:07', '2019-04-04 16:07:22'),
(45, 'HISTÓRIA PARA O ENEM', '', 26, 41, 'Aberto', '2019-02-07', '2019-02-13 08:11:28', '2019-04-29 18:59:02'),
(46, 'ESPORTES COLETIVOS ', '', 18, 35, 'Fechado', '2019-02-07', '2019-02-13 08:12:58', '2019-02-14 18:28:06'),
(47, 'CLUBE – ESTUDOS PARA O ENEM', '', 35, 15, 'Fechado', '2019-02-07', '2019-02-13 08:15:50', '2019-02-14 18:27:48'),
(48, 'MATEMÁTICA BÁSICA - 2º ANO', '', 22, 42, 'Aberto', '2019-02-07', '2019-02-13 14:04:25', '2019-03-12 13:40:23'),
(49, 'JOGOS MATEMÁTICOS', '', 14, 30, 'Aberto', '2019-02-08', '2019-02-14 10:52:53', '2019-02-15 09:58:01'),
(50, 'BIOLOGIA PARA O ENEM', '', 10, 40, 'Aberto', '2019-02-08', '2019-02-14 10:53:16', '2019-03-12 10:42:59'),
(51, 'LÍNGUA PORTUGUESA PARA OLIMPÍADAS ', '', 1, 40, 'Aberto', '2019-02-08', '2019-02-14 10:53:49', '2019-03-12 10:43:16'),
(52, 'MEDICINA POPULAR', '', 8, 40, 'Aberto', '2019-02-08', '2019-02-14 10:55:23', '2019-03-12 13:36:56'),
(53, 'FORMAÇÃO DO POVO BRASILEIRO ', '', 4, 40, 'Aberto', '2019-02-08', '2019-02-14 10:55:51', '2019-03-12 10:42:19'),
(54, 'CAFÉ FILOSÓFICO', '', 15, 41, 'Aberto', '2019-02-08', '2019-02-14 10:56:09', '2019-04-15 18:20:58'),
(55, 'ESTUDO CULTURAL GEEK ', '', 37, 16, 'Aberto', '2019-02-08', '2019-02-14 10:56:45', '2019-03-29 18:08:17'),
(56, 'MATEMÁTICA BÁSICA - 3º ANO', '', 17, 26, 'Fechado', '2019-02-08', '2019-02-14 10:57:17', '2019-02-15 09:56:47'),
(58, 'GRANDES GUERRAS MUNDIAIS ', '', 13, 42, 'Aberto', '2019-02-08', '2019-02-14 10:58:31', '2019-04-29 18:59:24'),
(59, 'VOLEIBOL', '', 18, 40, 'Aberto', '2019-02-08', '2019-02-14 10:59:06', '2019-03-12 10:41:00'),
(60, 'DIREITOS HUMANOS E CIDADANIA', '', 38, 40, 'Aberto', '2019-02-08', '2019-02-14 10:59:35', '2019-03-12 10:40:41'),
(61, 'GEOGRAFIA DO CEARÁ', '', 13, 41, 'Aberto', '2019-02-06', '2019-02-20 07:50:46', '2019-02-27 17:56:32'),
(62, 'MATEMÁTICA BÁSICA - 1ª SÉRIE', '', 14, 35, 'Fechado', '2019-08-19', '2019-08-09 14:03:36', NULL),
(63, 'CONSTRUINDO UMA ESCOLA SUSTENTÁVEL', '', 10, 35, 'Fechado', '2019-08-19', '2019-08-09 14:04:37', NULL),
(64, 'EMPREENDEDORISMO', '', 22, 35, 'Fechado', '2019-08-19', '2019-08-09 14:05:38', NULL),
(65, 'LITERATURA BRASILEIRA', '', 1, 35, 'Fechado', '2019-08-19', '2019-08-09 14:06:58', NULL),
(66, 'MATEMÁTICA BÁSICA - 2ª SÉRIE', '', 40, 35, 'Fechado', '2019-08-19', '2019-08-09 14:43:16', NULL),
(67, 'CONVERSAÇÃO EM LÍNGUA ESPANHOLA', '', 39, 35, 'Fechado', '2019-08-19', '2019-08-09 14:47:09', NULL),
(68, 'PRÁTICAS LABORATORIAIS DE CIÊNCIAS', '', 24, 20, 'Fechado', '2019-08-19', '2019-08-09 14:49:57', NULL),
(69, 'FUTSAL MASCULINO', '', 18, 25, 'Fechado', '2019-08-19', '2019-08-09 14:57:52', NULL),
(70, 'INFORMÁTICA BÁSICA', '', 9, 15, 'Fechado', '2019-08-19', '2019-08-09 14:58:41', NULL),
(71, 'MATEMÁTICA BÁSICA - 1ª SÉRIE', '', 22, 35, 'Fechado', '2019-08-20', '2019-08-09 15:17:41', NULL),
(72, 'EDUCAÇÃO PARA O TRÂNSITO', '', 25, 35, 'Fechado', '2019-08-20', '2019-08-09 15:18:41', NULL),
(73, 'BIOGEOGRAFIA', '', 10, 35, 'Fechado', '2019-08-20', '2019-08-09 15:19:39', NULL),
(74, 'MEMÓRIA E CULTURA DOS POVOS INDÍGENAS', '', 4, 35, 'Fechado', '2019-08-20', '2019-08-09 15:21:01', NULL),
(75, 'EDUCAÇÃO FÍSICA E INTERDISCIPLINARIEDADE', '', 15, 35, 'Fechado', '2019-08-20', '2019-08-09 15:23:27', NULL),
(76, 'HISTÓRIA DO BRASIL', '', 26, 35, 'Fechado', '2019-08-20', '2019-08-09 15:51:21', NULL),
(77, 'GÊNERO E DIVERSIDADE', '', 16, 35, 'Fechado', '2019-08-20', '2019-08-09 15:52:03', NULL),
(78, 'MATEMÁTICA BÁSICA - 2º ANO', '', 40, 35, 'Fechado', '2019-08-20', '2019-08-09 15:52:30', NULL),
(79, 'LIBRAS', '', 3, 30, 'Fechado', '2019-08-21', '2019-08-09 15:54:55', '2019-08-09 18:57:16'),
(80, 'LABORATÓRIO DE REDAÇÃO PARA O ENEM', '', 19, 35, 'Fechado', '2019-08-21', '2019-08-09 15:58:32', NULL),
(81, 'GEOPOLÍTICA', '', 13, 35, 'Fechado', '2019-08-21', '2019-08-09 15:59:43', NULL),
(82, 'HUMANAS EM QUADRINHOS', '', 16, 35, 'Fechado', '2019-08-20', '2019-08-09 16:00:53', NULL),
(83, 'LEITURA E PRODUÇÃO TEXTUAL', '', 1, 35, 'Fechado', '2019-08-21', '2019-08-09 16:01:53', NULL),
(84, 'HISTÓRIA LOCAL', '', 26, 35, 'Fechado', '2019-08-21', '2019-08-09 16:02:57', NULL),
(85, 'ARTE E CULTURA POPULAR NA HISTÓRIA DO CEARÁ', '', 4, 35, 'Fechado', '2019-08-21', '2019-08-09 16:03:49', NULL),
(86, 'JOVEM BRIGADISTA', '', 29, 35, 'Fechado', '2019-08-21', '2019-08-09 16:05:08', NULL),
(87, 'FUTSAL FEMININO', '', 18, 25, 'Fechado', '2019-08-21', '2019-08-09 16:05:45', NULL),
(88, 'INFORMÁTICA BÁSICA', '', 41, 15, 'Fechado', '2019-08-21', '2019-08-09 17:18:48', NULL),
(89, 'CLUBE - TÊNIS DE MESA', '', 42, 10, 'Fechado', '2019-08-19', '2019-08-12 18:56:24', '2019-08-12 21:57:33'),
(90, 'CLUBE - NO GAME NO LIFE', '', NULL, 13, 'Fechado', '2019-08-20', '2019-08-12 19:01:31', NULL);

-- --------------------------------------------------------

--
-- Estrutura para tabela `inscricoes`
--

CREATE TABLE `inscricoes` (
  `id` int(11) NOT NULL,
  `aluno_id` int(11) NOT NULL,
  `eletiva_id` int(11) NOT NULL,
  `created` datetime NOT NULL DEFAULT CURRENT_TIMESTAMP,
  `updated` datetime DEFAULT NULL ON UPDATE CURRENT_TIMESTAMP
) ENGINE=InnoDB DEFAULT CHARSET=latin1;

--
-- Fazendo dump de dados para tabela `inscricoes`
--

INSERT INTO `inscricoes` (`id`, `aluno_id`, `eletiva_id`, `created`, `updated`) VALUES
(2, 38, 1, '2019-02-08 15:34:30', NULL),
(3, 13, 1, '2019-02-08 15:35:13', NULL),
(4, 20, 1, '2019-02-08 15:38:36', NULL),
(5, 14, 1, '2019-02-08 15:40:14', NULL),
(6, 384, 1, '2019-02-08 15:43:33', NULL),
(7, 24, 1, '2019-02-08 15:44:14', NULL),
(8, 42, 1, '2019-02-08 15:46:01', NULL),
(9, 44, 1, '2019-02-08 15:47:22', NULL),
(10, 35, 1, '2019-02-08 15:49:15', NULL),
(11, 82, 1, '2019-02-08 15:52:26', NULL),
(12, 52, 1, '2019-02-08 15:52:57', NULL),
(14, 54, 1, '2019-02-08 15:54:26', NULL),
(15, 67, 1, '2019-02-08 15:55:12', NULL),
(16, 72, 1, '2019-02-08 15:56:17', NULL),
(17, 56, 1, '2019-02-08 15:57:27', NULL),
(18, 53, 1, '2019-02-08 15:58:17', NULL),
(20, 362, 1, '2019-02-08 16:15:36', NULL),
(21, 365, 1, '2019-02-08 16:16:32', NULL),
(22, 372, 1, '2019-02-08 16:37:15', NULL),
(23, 381, 1, '2019-02-08 16:37:51', NULL),
(24, 358, 1, '2019-02-08 16:38:26', NULL),
(25, 377, 1, '2019-02-08 16:38:55', NULL),
(26, 359, 1, '2019-02-08 16:39:27', NULL),
(27, 380, 1, '2019-02-08 16:39:54', NULL),
(28, 371, 1, '2019-02-08 16:40:23', NULL),
(29, 373, 1, '2019-02-08 16:41:10', NULL),
(30, 113, 1, '2019-02-08 16:42:23', NULL),
(31, 85, 1, '2019-02-08 16:43:10', NULL),
(32, 119, 1, '2019-02-08 16:43:50', NULL),
(33, 110, 1, '2019-02-08 16:44:21', NULL),
(34, 105, 1, '2019-02-08 16:44:48', NULL),
(35, 107, 1, '2019-02-08 16:45:18', NULL),
(36, 121, 1, '2019-02-08 16:45:55', NULL),
(37, 122, 1, '2019-02-08 16:46:23', NULL),
(38, 112, 1, '2019-02-08 16:48:39', NULL),
(39, 94, 1, '2019-02-08 16:49:04', NULL),
(40, 104, 1, '2019-02-08 16:49:38', NULL),
(41, 39, 12, '2019-02-08 17:38:07', NULL),
(42, 31, 12, '2019-02-08 17:38:52', NULL),
(43, 40, 12, '2019-02-08 17:39:10', NULL),
(45, 30, 12, '2019-02-08 17:40:05', NULL),
(46, 9, 12, '2019-02-08 17:40:28', NULL),
(47, 15, 12, '2019-02-08 17:40:55', NULL),
(48, 36, 12, '2019-02-08 17:41:18', NULL),
(49, 28, 12, '2019-02-08 17:41:37', NULL),
(50, 34, 12, '2019-02-08 17:41:55', NULL),
(51, 50, 12, '2019-02-08 17:42:48', NULL),
(52, 64, 12, '2019-02-08 17:43:07', NULL),
(53, 48, 12, '2019-02-08 17:43:33', NULL),
(54, 49, 12, '2019-02-08 17:43:51', NULL),
(55, 73, 12, '2019-02-08 17:44:08', NULL),
(57, 59, 12, '2019-02-08 17:52:27', NULL),
(58, 63, 12, '2019-02-08 17:53:05', NULL),
(59, 55, 12, '2019-02-08 17:53:26', NULL),
(60, 77, 12, '2019-02-08 17:53:44', NULL),
(61, 374, 12, '2019-02-08 17:54:07', NULL),
(62, 345, 12, '2019-02-08 17:54:23', NULL),
(63, 366, 12, '2019-02-08 17:54:39', NULL),
(64, 382, 12, '2019-02-08 17:55:01', NULL),
(65, 383, 12, '2019-02-08 17:55:18', NULL),
(66, 376, 12, '2019-02-08 17:55:37', NULL),
(67, 378, 12, '2019-02-08 17:55:55', NULL),
(68, 346, 12, '2019-02-08 17:56:13', NULL),
(69, 363, 12, '2019-02-08 17:56:30', NULL),
(70, 375, 12, '2019-02-08 17:56:55', NULL),
(71, 111, 12, '2019-02-08 17:57:23', NULL),
(72, 109, 12, '2019-02-08 17:57:40', NULL),
(73, 90, 12, '2019-02-08 17:58:02', NULL),
(74, 96, 12, '2019-02-08 17:58:46', NULL),
(75, 117, 12, '2019-02-08 17:59:03', NULL),
(76, 120, 12, '2019-02-08 17:59:27', NULL),
(77, 106, 12, '2019-02-08 17:59:51', NULL),
(78, 91, 12, '2019-02-08 18:00:34', NULL),
(79, 86, 12, '2019-02-08 18:00:52', NULL),
(80, 87, 12, '2019-02-08 18:01:12', NULL),
(82, 23, 36, '2019-02-08 18:08:14', NULL),
(83, 27, 36, '2019-02-08 18:08:35', NULL),
(84, 22, 36, '2019-02-08 18:11:15', NULL),
(85, 32, 36, '2019-02-08 18:12:20', NULL),
(86, 17, 36, '2019-02-08 18:13:08', NULL),
(87, 43, 36, '2019-02-08 18:13:32', NULL),
(88, 7, 36, '2019-02-08 18:13:50', NULL),
(89, 18, 36, '2019-02-08 18:14:09', NULL),
(90, 8, 36, '2019-02-08 18:14:36', NULL),
(91, 62, 36, '2019-02-08 18:14:54', NULL),
(92, 81, 36, '2019-02-08 18:15:18', NULL),
(93, 69, 36, '2019-02-08 18:15:37', NULL),
(94, 51, 36, '2019-02-08 18:15:58', NULL),
(95, 71, 36, '2019-02-08 18:16:16', NULL),
(96, 78, 36, '2019-02-08 18:16:33', NULL),
(97, 76, 36, '2019-02-08 18:16:54', NULL),
(98, 83, 36, '2019-02-08 18:17:13', NULL),
(99, 58, 36, '2019-02-08 18:17:32', NULL),
(100, 65, 36, '2019-02-08 18:17:50', NULL),
(101, 356, 36, '2019-02-08 18:18:13', NULL),
(102, 352, 36, '2019-02-08 18:18:30', NULL),
(103, 350, 36, '2019-02-08 18:18:49', NULL),
(104, 364, 36, '2019-02-08 18:19:09', NULL),
(105, 347, 36, '2019-02-08 18:19:30', NULL),
(106, 367, 36, '2019-02-08 18:19:47', NULL),
(107, 353, 36, '2019-02-08 18:20:44', NULL),
(108, 360, 36, '2019-02-08 18:21:01', NULL),
(109, 354, 36, '2019-02-08 18:21:22', NULL),
(110, 89, 36, '2019-02-08 18:21:42', NULL),
(111, 116, 36, '2019-02-08 18:22:02', NULL),
(112, 99, 36, '2019-02-08 18:22:19', NULL),
(113, 100, 36, '2019-02-08 18:22:38', NULL),
(114, 95, 36, '2019-02-08 18:22:58', NULL),
(115, 115, 36, '2019-02-08 18:23:17', NULL),
(116, 92, 36, '2019-02-08 18:23:36', NULL),
(117, 88, 36, '2019-02-08 18:23:54', NULL),
(118, 118, 36, '2019-02-08 18:24:15', NULL),
(119, 93, 36, '2019-02-08 18:24:35', NULL),
(121, 21, 37, '2019-02-08 18:35:05', NULL),
(122, 19, 37, '2019-02-08 18:35:32', NULL),
(123, 16, 37, '2019-02-08 18:36:06', NULL),
(124, 11, 37, '2019-02-08 18:36:28', NULL),
(125, 12, 37, '2019-02-08 18:36:46', NULL),
(127, 29, 37, '2019-02-08 18:38:56', NULL),
(128, 84, 37, '2019-02-08 18:39:20', NULL),
(129, 60, 37, '2019-02-08 18:41:44', NULL),
(130, 70, 37, '2019-02-08 18:42:05', NULL),
(131, 57, 37, '2019-02-08 18:42:22', NULL),
(132, 45, 37, '2019-02-08 18:42:42', NULL),
(134, 61, 37, '2019-02-08 18:43:17', NULL),
(135, 80, 37, '2019-02-08 18:43:37', NULL),
(136, 75, 37, '2019-02-08 18:43:54', NULL),
(137, 79, 37, '2019-02-08 18:44:12', NULL),
(138, 368, 37, '2019-02-08 18:44:32', NULL),
(139, 351, 37, '2019-02-08 18:44:53', NULL),
(140, 355, 37, '2019-02-08 18:45:15', NULL),
(141, 369, 37, '2019-02-08 18:45:32', NULL),
(142, 349, 37, '2019-02-08 18:45:50', NULL),
(143, 361, 37, '2019-02-08 18:46:09', NULL),
(144, 357, 37, '2019-02-08 18:46:28', NULL),
(145, 97, 37, '2019-02-08 18:49:54', NULL),
(146, 103, 37, '2019-02-08 18:50:30', NULL),
(147, 98, 37, '2019-02-08 18:50:46', NULL),
(148, 101, 37, '2019-02-08 18:51:05', NULL),
(149, 102, 37, '2019-02-08 18:51:23', NULL),
(150, 108, 37, '2019-02-08 18:52:19', NULL),
(151, 114, 37, '2019-02-08 18:52:40', NULL),
(152, 68, 37, '2019-02-08 18:56:47', NULL),
(155, 37, 1, '2019-02-11 18:37:56', NULL),
(156, 46, 12, '2019-02-11 19:08:34', NULL),
(157, 47, 1, '2019-02-11 19:14:23', NULL),
(158, 18, 19, '2019-02-12 08:30:27', NULL),
(159, 16, 19, '2019-02-12 08:31:09', NULL),
(160, 22, 16, '2019-02-12 08:31:14', NULL),
(161, 11, 20, '2019-02-12 08:31:35', NULL),
(162, 17, 19, '2019-02-12 08:32:10', NULL),
(163, 26, 16, '2019-02-12 08:32:20', NULL),
(164, 23, 14, '2019-02-12 08:32:29', NULL),
(165, 21, 13, '2019-02-12 08:32:34', NULL),
(166, 12, 29, '2019-02-12 08:32:51', NULL),
(167, 27, 15, '2019-02-12 08:32:57', NULL),
(168, 20, 14, '2019-02-12 08:33:16', NULL),
(169, 14, 11, '2019-02-12 08:33:57', NULL),
(170, 13, 11, '2019-02-12 08:33:59', NULL),
(171, 19, 14, '2019-02-12 08:34:44', NULL),
(172, 24, 19, '2019-02-12 08:35:04', NULL),
(173, 29, 15, '2019-02-12 08:38:49', NULL),
(174, 37, 16, '2019-02-12 08:40:57', NULL),
(175, 43, 14, '2019-02-12 08:40:58', NULL),
(177, 32, 15, '2019-02-12 08:41:11', NULL),
(178, 35, 15, '2019-02-12 08:41:13', NULL),
(179, 42, 15, '2019-02-12 08:41:20', NULL),
(180, 44, 15, '2019-02-12 08:41:49', NULL),
(181, 384, 15, '2019-02-12 08:42:08', NULL),
(182, 58, 19, '2019-02-12 08:49:40', NULL),
(183, 71, 11, '2019-02-12 08:50:01', NULL),
(184, 69, 16, '2019-02-12 08:50:11', NULL),
(185, 60, 20, '2019-02-12 08:50:15', NULL),
(186, 62, 16, '2019-02-12 08:50:29', NULL),
(187, 51, 16, '2019-02-12 08:50:36', NULL),
(188, 78, 14, '2019-02-12 08:50:38', NULL),
(189, 56, 19, '2019-02-12 08:51:19', NULL),
(190, 76, 18, '2019-02-12 08:51:36', NULL),
(191, 74, 13, '2019-02-12 08:51:40', NULL),
(192, 45, 14, '2019-02-12 08:51:46', NULL),
(193, 47, 14, '2019-02-12 08:51:53', NULL),
(194, 57, 16, '2019-02-12 08:51:55', NULL),
(195, 67, 19, '2019-02-12 08:52:13', NULL),
(196, 80, 19, '2019-02-12 08:52:25', NULL),
(197, 75, 14, '2019-02-12 08:52:26', NULL),
(198, 52, 19, '2019-02-12 08:52:33', NULL),
(199, 70, 16, '2019-02-12 08:52:33', NULL),
(200, 54, 19, '2019-02-12 08:52:34', NULL),
(201, 79, 16, '2019-02-12 08:52:40', NULL),
(202, 72, 14, '2019-02-12 08:52:57', NULL),
(203, 82, 16, '2019-02-12 08:53:16', NULL),
(204, 84, 11, '2019-02-12 08:53:21', NULL),
(205, 68, 16, '2019-02-12 08:53:26', NULL),
(206, 81, 19, '2019-02-12 08:54:18', NULL),
(207, 61, 29, '2019-02-12 08:54:37', NULL),
(208, 236, 19, '2019-02-12 08:59:27', NULL),
(209, 250, 19, '2019-02-12 09:00:21', NULL),
(210, 234, 19, '2019-02-12 09:00:23', NULL),
(211, 248, 19, '2019-02-12 09:00:33', NULL),
(212, 240, 19, '2019-02-12 09:00:58', NULL),
(213, 242, 19, '2019-02-12 09:01:12', NULL),
(214, 230, 14, '2019-02-12 09:01:14', NULL),
(215, 243, 20, '2019-02-12 09:01:15', NULL),
(216, 231, 14, '2019-02-12 09:01:16', NULL),
(217, 245, 16, '2019-02-12 09:01:16', NULL),
(218, 241, 14, '2019-02-12 09:01:28', NULL),
(219, 237, 11, '2019-02-12 09:01:39', NULL),
(220, 232, 11, '2019-02-12 09:01:40', NULL),
(221, 244, 19, '2019-02-12 09:02:13', NULL),
(222, 235, 16, '2019-02-12 09:02:19', NULL),
(223, 246, 13, '2019-02-12 09:02:43', NULL),
(224, 247, 14, '2019-02-12 09:02:50', NULL),
(225, 238, 16, '2019-02-12 09:02:54', NULL),
(226, 233, 14, '2019-02-12 09:02:56', NULL),
(227, 249, 15, '2019-02-12 09:04:31', NULL),
(228, 255, 19, '2019-02-12 09:04:55', NULL),
(229, 262, 15, '2019-02-12 09:04:56', NULL),
(230, 257, 19, '2019-02-12 09:04:58', NULL),
(231, 263, 29, '2019-02-12 09:05:12', NULL),
(232, 259, 29, '2019-02-12 09:05:22', NULL),
(233, 253, 29, '2019-02-12 09:05:22', NULL),
(234, 254, 15, '2019-02-12 09:05:40', NULL),
(235, 256, 15, '2019-02-12 09:05:44', NULL),
(236, 265, 15, '2019-02-12 09:05:53', NULL),
(237, 261, 29, '2019-02-12 09:06:22', NULL),
(238, 258, 11, '2019-02-12 09:06:24', NULL),
(239, 252, 29, '2019-02-12 09:06:26', NULL),
(240, 260, 19, '2019-02-12 09:07:33', NULL),
(241, 264, 19, '2019-02-12 09:08:14', NULL),
(242, 251, 15, '2019-02-12 09:08:38', NULL),
(243, 99, 11, '2019-02-12 09:16:02', NULL),
(244, 85, 20, '2019-02-12 09:16:12', NULL),
(245, 102, 14, '2019-02-12 09:16:15', NULL),
(246, 98, 11, '2019-02-12 09:16:25', NULL),
(247, 93, 11, '2019-02-12 09:16:58', NULL),
(248, 97, 11, '2019-02-12 09:17:14', NULL),
(249, 88, 18, '2019-02-12 09:17:19', NULL),
(250, 92, 15, '2019-02-12 09:17:34', NULL),
(251, 113, 14, '2019-02-12 09:18:28', NULL),
(252, 112, 11, '2019-02-12 09:18:38', NULL),
(253, 121, 20, '2019-02-12 09:18:43', NULL),
(254, 108, 14, '2019-02-12 09:19:01', NULL),
(255, 118, 18, '2019-02-12 09:19:13', NULL),
(256, 94, 14, '2019-02-12 09:19:26', NULL),
(257, 103, 16, '2019-02-12 09:19:26', NULL),
(258, 101, 16, '2019-02-12 09:19:35', NULL),
(259, 107, 19, '2019-02-12 09:19:47', NULL),
(260, 95, 11, '2019-02-12 09:20:04', NULL),
(261, 89, 19, '2019-02-12 09:20:28', NULL),
(262, 115, 11, '2019-02-12 09:21:14', NULL),
(263, 110, 16, '2019-02-12 09:22:37', NULL),
(264, 122, 29, '2019-02-12 09:23:01', NULL),
(265, 105, 19, '2019-02-12 09:23:40', NULL),
(266, 100, 19, '2019-02-12 09:23:50', NULL),
(267, 104, 11, '2019-02-12 09:23:56', NULL),
(268, 116, 17, '2019-02-12 09:25:53', NULL),
(269, 119, 17, '2019-02-12 09:27:16', NULL),
(270, 362, 18, '2019-02-12 09:31:20', NULL),
(271, 368, 11, '2019-02-12 09:31:29', NULL),
(272, 371, 19, '2019-02-12 09:31:37', NULL),
(273, 367, 14, '2019-02-12 09:31:39', NULL),
(274, 350, 19, '2019-02-12 09:31:44', NULL),
(275, 355, 14, '2019-02-12 09:32:05', NULL),
(276, 356, 19, '2019-02-12 09:32:17', NULL),
(277, 361, 14, '2019-02-12 09:32:31', NULL),
(278, 347, 11, '2019-02-12 09:32:45', NULL),
(279, 360, 16, '2019-02-12 09:33:04', NULL),
(280, 349, 14, '2019-02-12 09:34:06', NULL),
(281, 365, 16, '2019-02-12 09:34:19', NULL),
(282, 369, 19, '2019-02-12 09:34:23', NULL),
(283, 357, 29, '2019-02-12 09:34:56', NULL),
(284, 354, 11, '2019-02-12 09:35:11', NULL),
(285, 377, 17, '2019-02-12 09:36:30', NULL),
(286, 352, 15, '2019-02-12 09:36:46', NULL),
(287, 351, 16, '2019-02-12 09:36:53', NULL),
(288, 380, 16, '2019-02-12 09:37:18', NULL),
(289, 370, 15, '2019-02-12 09:37:36', NULL),
(290, 372, 14, '2019-02-12 09:41:07', NULL),
(291, 128, 29, '2019-02-12 09:45:52', NULL),
(292, 130, 14, '2019-02-12 09:46:40', NULL),
(293, 140, 18, '2019-02-12 09:46:40', NULL),
(294, 132, 14, '2019-02-12 09:46:46', NULL),
(295, 134, 29, '2019-02-12 09:46:57', NULL),
(296, 141, 14, '2019-02-12 09:47:11', NULL),
(297, 138, 20, '2019-02-12 09:47:20', NULL),
(298, 142, 14, '2019-02-12 09:47:21', NULL),
(299, 381, 15, '2019-02-12 09:47:34', NULL),
(300, 126, 18, '2019-02-12 09:47:40', NULL),
(301, 129, 18, '2019-02-12 09:47:44', NULL),
(302, 123, 15, '2019-02-12 09:47:50', NULL),
(303, 139, 15, '2019-02-12 09:47:51', NULL),
(304, 137, 17, '2019-02-12 09:48:37', NULL),
(305, 125, 17, '2019-02-12 09:48:38', NULL),
(306, 127, 17, '2019-02-12 09:48:38', NULL),
(307, 135, 29, '2019-02-12 09:48:58', NULL),
(308, 133, 15, '2019-02-12 09:48:58', NULL),
(309, 136, 15, '2019-02-12 09:49:04', NULL),
(310, 131, 15, '2019-02-12 09:49:30', NULL),
(311, 124, 15, '2019-02-12 09:49:39', NULL),
(312, 145, 18, '2019-02-12 09:51:30', NULL),
(313, 153, 14, '2019-02-12 09:51:36', NULL),
(314, 155, 29, '2019-02-12 09:51:55', NULL),
(315, 154, 14, '2019-02-12 09:52:00', NULL),
(316, 146, 20, '2019-02-12 09:52:08', NULL),
(317, 149, 18, '2019-02-12 09:52:09', NULL),
(318, 157, 18, '2019-02-12 09:52:10', NULL),
(319, 156, 15, '2019-02-12 09:52:18', NULL),
(320, 148, 14, '2019-02-12 09:52:56', NULL),
(321, 144, 29, '2019-02-12 09:53:12', NULL),
(322, 147, 29, '2019-02-12 09:53:17', NULL),
(323, 151, 15, '2019-02-12 09:53:19', NULL),
(324, 150, 15, '2019-02-12 09:54:00', NULL),
(325, 158, 14, '2019-02-12 09:56:39', NULL),
(326, 159, 16, '2019-02-12 10:10:01', NULL),
(327, 165, 11, '2019-02-12 10:10:27', NULL),
(328, 164, 11, '2019-02-12 10:10:27', NULL),
(329, 162, 18, '2019-02-12 10:10:45', NULL),
(330, 163, 11, '2019-02-12 10:11:07', NULL),
(331, 167, 16, '2019-02-12 10:11:13', NULL),
(332, 173, 16, '2019-02-12 10:11:17', NULL),
(333, 160, 18, '2019-02-12 10:11:19', NULL),
(334, 170, 18, '2019-02-12 10:11:29', NULL),
(335, 177, 11, '2019-02-12 10:11:45', NULL),
(336, 175, 15, '2019-02-12 10:11:59', NULL),
(337, 178, 14, '2019-02-12 10:12:32', NULL),
(338, 166, 14, '2019-02-12 10:12:41', NULL),
(339, 176, 14, '2019-02-12 10:12:46', NULL),
(340, 161, 15, '2019-02-12 10:13:01', NULL),
(341, 185, 11, '2019-02-12 10:13:16', NULL),
(342, 169, 11, '2019-02-12 10:13:18', NULL),
(343, 179, 11, '2019-02-12 10:14:11', NULL),
(344, 172, 17, '2019-02-12 10:14:37', NULL),
(345, 174, 16, '2019-02-12 10:15:01', NULL),
(346, 189, 16, '2019-02-12 10:16:26', NULL),
(347, 181, 16, '2019-02-12 10:16:39', NULL),
(348, 187, 16, '2019-02-12 10:16:46', NULL),
(349, 182, 18, '2019-02-12 10:16:59', NULL),
(350, 186, 18, '2019-02-12 10:17:10', NULL),
(351, 188, 11, '2019-02-12 10:17:12', NULL),
(352, 192, 16, '2019-02-12 10:17:14', NULL),
(353, 190, 11, '2019-02-12 10:18:59', NULL),
(354, 183, 11, '2019-02-12 10:19:15', NULL),
(355, 191, 13, '2019-02-12 10:20:21', NULL),
(356, 205, 15, '2019-02-12 10:24:55', NULL),
(358, 195, 11, '2019-02-12 10:25:28', NULL),
(359, 194, 11, '2019-02-12 10:26:00', NULL),
(360, 207, 16, '2019-02-12 10:26:03', NULL),
(362, 212, 16, '2019-02-12 10:26:16', NULL),
(363, 213, 20, '2019-02-12 10:26:45', NULL),
(365, 206, 15, '2019-02-12 10:27:51', NULL),
(366, 198, 15, '2019-02-12 10:28:41', NULL),
(367, 210, 11, '2019-02-12 10:29:27', NULL),
(368, 211, 16, '2019-02-12 10:29:36', NULL),
(369, 196, 14, '2019-02-12 10:30:59', NULL),
(370, 201, 16, '2019-02-12 10:33:39', NULL),
(371, 209, 18, '2019-02-12 10:33:58', NULL),
(372, 203, 18, '2019-02-12 10:34:08', NULL),
(373, 197, 29, '2019-02-12 10:34:10', NULL),
(374, 204, 29, '2019-02-12 10:34:11', NULL),
(375, 220, 11, '2019-02-12 10:36:08', NULL),
(376, 224, 11, '2019-02-12 10:36:15', NULL),
(377, 216, 16, '2019-02-12 10:37:34', NULL),
(378, 214, 11, '2019-02-12 10:37:36', NULL),
(379, 215, 14, '2019-02-12 10:38:02', NULL),
(380, 217, 14, '2019-02-12 10:38:48', NULL),
(381, 228, 14, '2019-02-12 10:39:30', NULL),
(382, 221, 14, '2019-02-12 10:39:57', NULL),
(383, 226, 18, '2019-02-12 10:41:18', NULL),
(384, 225, 18, '2019-02-12 10:41:19', NULL),
(385, 219, 18, '2019-02-12 10:41:23', NULL),
(386, 208, 18, '2019-02-12 10:41:57', NULL),
(387, 218, 18, '2019-02-12 10:42:06', NULL),
(388, 227, 18, '2019-02-12 10:42:21', NULL),
(389, 229, 18, '2019-02-12 10:42:25', NULL),
(390, 223, 18, '2019-02-12 10:42:34', NULL),
(391, 222, 18, '2019-02-12 10:42:57', NULL),
(392, 45, 26, '2019-02-12 13:28:11', NULL),
(393, 86, 26, '2019-02-12 13:28:40', NULL),
(394, 87, 26, '2019-02-12 13:29:06', NULL),
(395, 345, 26, '2019-02-12 13:29:30', NULL),
(396, 9, 26, '2019-02-12 13:29:58', NULL),
(397, 48, 26, '2019-02-12 13:30:19', NULL),
(398, 91, 26, '2019-02-12 13:30:50', NULL),
(399, 350, 26, '2019-02-12 13:31:11', NULL),
(400, 49, 26, '2019-02-12 13:33:35', NULL),
(401, 15, 26, '2019-02-12 13:33:57', NULL),
(402, 95, 26, '2019-02-12 13:34:14', NULL),
(403, 352, 26, '2019-02-12 13:34:34', NULL),
(404, 354, 26, '2019-02-12 13:34:54', NULL),
(405, 17, 26, '2019-02-12 13:36:42', NULL),
(406, 356, 26, '2019-02-12 13:37:08', NULL),
(407, 100, 26, '2019-02-12 13:37:31', NULL),
(408, 54, 26, '2019-02-12 13:38:08', NULL),
(409, 362, 26, '2019-02-12 13:38:31', NULL),
(410, 58, 26, '2019-02-12 13:39:18', NULL),
(411, 364, 26, '2019-02-12 13:39:42', NULL),
(412, 60, 26, '2019-02-12 13:40:33', NULL),
(413, 365, 26, '2019-02-12 13:40:56', NULL),
(414, 67, 26, '2019-02-12 13:41:16', NULL),
(415, 68, 26, '2019-02-12 13:42:00', NULL),
(416, 368, 26, '2019-02-12 13:42:24', NULL),
(417, 72, 26, '2019-02-12 13:42:51', NULL),
(418, 73, 26, '2019-02-12 13:43:19', NULL),
(419, 372, 26, '2019-02-12 13:43:43', NULL),
(420, 374, 26, '2019-02-12 13:44:03', NULL),
(421, 36, 26, '2019-02-12 13:44:24', NULL),
(422, 76, 26, '2019-02-12 13:44:49', NULL),
(423, 37, 26, '2019-02-12 13:45:25', NULL),
(424, 80, 26, '2019-02-12 13:45:44', NULL),
(425, 38, 26, '2019-02-12 13:46:04', NULL),
(426, 39, 26, '2019-02-12 13:46:24', NULL),
(427, 40, 26, '2019-02-12 13:46:44', NULL),
(428, 115, 26, '2019-02-12 13:47:05', NULL),
(429, 83, 26, '2019-02-12 13:47:24', NULL),
(431, 43, 26, '2019-02-12 13:48:03', NULL),
(432, 330, 27, '2019-02-12 14:15:30', NULL),
(433, 339, 32, '2019-02-12 14:15:46', NULL),
(434, 325, 32, '2019-02-12 14:15:57', NULL),
(435, 331, 27, '2019-02-12 14:16:12', NULL),
(436, 342, 27, '2019-02-12 14:16:13', NULL),
(437, 328, 32, '2019-02-12 14:16:16', NULL),
(438, 341, 32, '2019-02-12 14:16:18', NULL),
(439, 327, 32, '2019-02-12 14:16:24', NULL),
(441, 322, 27, '2019-02-12 14:16:39', NULL),
(442, 344, 27, '2019-02-12 14:17:42', NULL),
(443, 337, 32, '2019-02-12 14:17:48', NULL),
(444, 332, 27, '2019-02-12 14:18:21', NULL),
(445, 338, 32, '2019-02-12 14:18:43', NULL),
(446, 329, 30, '2019-02-12 14:22:37', NULL),
(447, 313, 32, '2019-02-12 14:23:12', NULL),
(448, 319, 27, '2019-02-12 14:23:21', NULL),
(449, 323, 30, '2019-02-12 14:23:26', NULL),
(450, 305, 30, '2019-02-12 14:23:26', NULL),
(451, 334, 27, '2019-02-12 14:23:34', NULL),
(453, 296, 22, '2019-02-12 14:23:45', NULL),
(454, 318, 27, '2019-02-12 14:23:57', NULL),
(455, 304, 30, '2019-02-12 14:24:04', NULL),
(456, 299, 32, '2019-02-12 14:24:23', NULL),
(457, 340, 32, '2019-02-12 14:24:33', NULL),
(458, 320, 30, '2019-02-12 14:24:40', NULL),
(459, 335, 22, '2019-02-12 14:24:41', NULL),
(460, 314, 32, '2019-02-12 14:24:42', NULL),
(461, 301, 30, '2019-02-12 14:24:45', NULL),
(462, 333, 27, '2019-02-12 14:24:45', NULL),
(463, 307, 21, '2019-02-12 14:25:10', NULL),
(464, 317, 30, '2019-02-12 14:25:28', NULL),
(465, 295, 25, '2019-02-12 14:25:30', NULL),
(466, 293, 21, '2019-02-12 14:26:14', NULL),
(467, 316, 21, '2019-02-12 14:27:20', NULL),
(468, 310, 22, '2019-02-12 14:29:07', NULL),
(469, 302, 30, '2019-02-12 14:29:47', NULL),
(470, 309, 30, '2019-02-12 14:29:48', NULL),
(471, 298, 32, '2019-02-12 14:29:49', NULL),
(472, 308, 22, '2019-02-12 14:30:33', NULL),
(473, 311, 22, '2019-02-12 14:30:35', NULL),
(474, 297, 22, '2019-02-12 14:30:35', NULL),
(475, 282, 32, '2019-02-12 14:34:32', NULL),
(476, 292, 32, '2019-02-12 14:34:37', NULL),
(477, 267, 32, '2019-02-12 14:34:41', NULL),
(478, 278, 32, '2019-02-12 14:34:56', NULL),
(479, 286, 32, '2019-02-12 14:35:06', NULL),
(480, 266, 32, '2019-02-12 14:35:06', NULL),
(481, 289, 22, '2019-02-12 14:35:08', NULL),
(482, 273, 27, '2019-02-12 14:35:23', NULL),
(483, 268, 32, '2019-02-12 14:35:36', NULL),
(484, 279, 27, '2019-02-12 14:35:39', NULL),
(485, 284, 27, '2019-02-12 14:35:43', NULL),
(486, 269, 27, '2019-02-12 14:35:44', NULL),
(488, 281, 33, '2019-02-12 14:35:56', NULL),
(489, 288, 27, '2019-02-12 14:36:15', NULL),
(490, 271, 27, '2019-02-12 14:37:49', NULL),
(491, 283, 30, '2019-02-12 14:38:42', NULL),
(492, 275, 32, '2019-02-12 14:38:46', NULL),
(493, 287, 32, '2019-02-12 14:38:51', NULL),
(494, 274, 30, '2019-02-12 14:38:58', NULL),
(495, 270, 32, '2019-02-12 14:39:01', NULL),
(496, 277, 30, '2019-02-12 14:39:11', NULL),
(497, 290, 32, '2019-02-12 14:39:13', NULL),
(498, 285, 32, '2019-02-12 14:39:20', NULL),
(499, 276, 23, '2019-02-12 14:41:28', NULL),
(500, 243, 32, '2019-02-12 14:53:40', NULL),
(501, 248, 30, '2019-02-12 14:54:01', NULL),
(502, 260, 30, '2019-02-12 14:54:06', NULL),
(503, 236, 30, '2019-02-12 14:54:07', NULL),
(504, 264, 30, '2019-02-12 14:54:07', NULL),
(505, 254, 27, '2019-02-12 14:54:44', NULL),
(507, 255, 33, '2019-02-12 14:54:54', NULL),
(509, 259, 32, '2019-02-12 14:55:08', NULL),
(511, 252, 27, '2019-02-12 14:55:22', NULL),
(512, 244, 30, '2019-02-12 14:55:29', NULL),
(513, 240, 30, '2019-02-12 14:55:40', NULL),
(514, 237, 27, '2019-02-12 14:56:18', NULL),
(515, 256, 27, '2019-02-12 14:56:18', NULL),
(516, 262, 23, '2019-02-12 14:56:20', NULL),
(517, 258, 27, '2019-02-12 14:56:29', NULL),
(518, 257, 33, '2019-02-12 14:56:34', NULL),
(519, 251, 33, '2019-02-12 14:56:34', NULL),
(520, 250, 28, '2019-02-12 14:56:42', NULL),
(521, 235, 30, '2019-02-12 14:57:26', NULL),
(522, 62, 30, '2019-02-12 15:04:22', NULL),
(523, 74, 30, '2019-02-12 15:04:28', NULL),
(524, 47, 30, '2019-02-12 15:04:50', NULL),
(525, 57, 30, '2019-02-12 15:04:55', NULL),
(526, 46, 30, '2019-02-12 15:05:07', NULL),
(527, 79, 30, '2019-02-12 15:05:14', NULL),
(528, 78, 30, '2019-02-12 15:05:22', NULL),
(529, 50, 30, '2019-02-12 15:05:42', NULL),
(531, 64, 30, '2019-02-12 15:05:50', NULL),
(532, 52, 30, '2019-02-12 15:05:58', NULL),
(533, 71, 30, '2019-02-12 15:06:05', NULL),
(534, 77, 34, '2019-02-12 15:06:29', NULL),
(535, 56, 30, '2019-02-12 15:06:43', NULL),
(536, 377, 34, '2019-02-12 15:06:53', NULL),
(537, 75, 27, '2019-02-12 15:07:10', NULL),
(538, 82, 27, '2019-02-12 15:07:18', NULL),
(539, 65, 27, '2019-02-12 15:07:51', NULL),
(540, 63, 30, '2019-02-12 15:08:19', NULL),
(541, 55, 30, '2019-02-12 15:08:20', NULL),
(542, 81, 21, '2019-02-12 15:08:24', NULL),
(543, 70, 21, '2019-02-12 15:08:49', NULL),
(545, 211, 30, '2019-02-12 15:12:07', NULL),
(546, 208, 30, '2019-02-12 15:12:11', NULL),
(547, 197, 30, '2019-02-12 15:12:13', NULL),
(548, 202, 30, '2019-02-12 15:12:17', NULL),
(549, 204, 30, '2019-02-12 15:12:22', NULL),
(550, 207, 32, '2019-02-12 15:12:26', NULL),
(551, 212, 25, '2019-02-12 15:12:59', NULL),
(552, 217, 32, '2019-02-12 15:13:15', NULL),
(553, 220, 33, '2019-02-12 15:13:21', NULL),
(554, 216, 21, '2019-02-12 15:13:27', NULL),
(555, 225, 28, '2019-02-12 15:13:45', NULL),
(557, 196, 27, '2019-02-12 15:14:00', NULL),
(558, 198, 27, '2019-02-12 15:14:18', NULL),
(559, 194, 33, '2019-02-12 15:14:19', NULL),
(560, 222, 28, '2019-02-12 15:14:25', NULL),
(561, 205, 28, '2019-02-12 15:14:27', NULL),
(562, 226, 28, '2019-02-12 15:14:29', NULL),
(563, 215, 27, '2019-02-12 15:14:39', NULL),
(564, 221, 32, '2019-02-12 15:15:20', NULL),
(565, 227, 27, '2019-02-12 15:15:33', NULL),
(568, 223, 28, '2019-02-12 15:16:21', NULL),
(569, 195, 25, '2019-02-12 15:16:21', NULL),
(570, 229, 28, '2019-02-12 15:16:25', NULL),
(571, 218, 33, '2019-02-12 15:16:27', NULL),
(572, 203, 25, '2019-02-12 15:16:29', NULL),
(573, 206, 33, '2019-02-12 15:17:10', NULL),
(574, 224, 25, '2019-02-12 15:17:11', NULL),
(575, 192, 21, '2019-02-12 15:20:22', NULL),
(576, 186, 27, '2019-02-12 15:20:37', NULL),
(577, 178, 32, '2019-02-12 15:20:38', NULL),
(578, 187, 27, '2019-02-12 15:20:46', NULL),
(579, 176, 32, '2019-02-12 15:20:54', NULL),
(580, 159, 27, '2019-02-12 15:21:12', NULL),
(581, 164, 27, '2019-02-12 15:21:25', NULL),
(582, 163, 22, '2019-02-12 15:21:26', NULL),
(584, 165, 27, '2019-02-12 15:21:31', NULL),
(585, 167, 27, '2019-02-12 15:21:32', NULL),
(586, 173, 27, '2019-02-12 15:21:35', NULL),
(587, 189, 27, '2019-02-12 15:21:38', NULL),
(590, 162, 25, '2019-02-12 15:22:08', NULL),
(591, 182, 22, '2019-02-12 15:22:30', NULL),
(592, 174, 27, '2019-02-12 15:22:39', NULL),
(593, 183, 28, '2019-02-12 15:24:13', NULL),
(595, 185, 32, '2019-02-12 15:25:15', NULL),
(597, 28, 34, '2019-02-12 15:26:27', NULL),
(598, 35, 25, '2019-02-12 15:26:30', NULL),
(600, 16, 34, '2019-02-12 15:26:41', NULL),
(602, 21, 21, '2019-02-12 15:26:51', NULL),
(603, 32, 34, '2019-02-12 15:28:00', NULL),
(604, 12, 21, '2019-02-12 15:28:01', NULL),
(605, 42, 21, '2019-02-12 15:28:12', NULL),
(606, 18, 21, '2019-02-12 15:28:12', NULL),
(607, 13, 21, '2019-02-12 15:28:20', NULL),
(608, 22, 33, '2019-02-12 15:28:25', NULL),
(610, 27, 33, '2019-02-12 15:28:54', NULL),
(611, 19, 28, '2019-02-12 15:29:07', NULL),
(612, 23, 28, '2019-02-12 15:29:11', NULL),
(613, 24, 21, '2019-02-12 15:29:19', NULL),
(614, 30, 25, '2019-02-12 15:29:20', NULL),
(615, 34, 21, '2019-02-12 15:29:29', NULL),
(616, 10, 33, '2019-02-12 15:29:39', NULL),
(617, 44, 23, '2019-02-12 15:29:42', NULL),
(618, 33, 33, '2019-02-12 15:29:52', NULL),
(619, 384, 34, '2019-02-12 15:30:10', NULL),
(620, 107, 21, '2019-02-12 15:32:10', NULL),
(621, 92, 21, '2019-02-12 15:32:25', NULL),
(623, 101, 21, '2019-02-12 15:33:22', NULL),
(624, 102, 21, '2019-02-12 15:33:26', NULL),
(626, 121, 21, '2019-02-12 15:34:20', NULL),
(629, 110, 25, '2019-02-12 15:34:52', NULL),
(630, 117, 25, '2019-02-12 15:34:53', NULL),
(631, 113, 23, '2019-02-12 15:34:59', NULL),
(633, 88, 35, '2019-02-12 15:35:27', NULL),
(634, 85, 21, '2019-02-12 15:35:27', NULL),
(635, 94, 22, '2019-02-12 15:35:31', NULL),
(640, 118, 23, '2019-02-12 15:36:27', NULL),
(643, 90, 28, '2019-02-12 15:36:44', NULL),
(644, 105, 21, '2019-02-12 15:36:59', NULL),
(645, 97, 21, '2019-02-12 15:37:05', NULL),
(646, 89, 21, '2019-02-12 15:37:05', NULL),
(647, 367, 35, '2019-02-12 15:38:39', NULL),
(648, 119, 22, '2019-02-12 15:38:57', NULL),
(649, 355, 35, '2019-02-12 15:39:12', NULL),
(650, 361, 23, '2019-02-12 15:39:32', NULL),
(651, 380, 35, '2019-02-12 15:39:54', NULL),
(652, 346, 22, '2019-02-12 15:40:00', NULL),
(654, 370, 35, '2019-02-12 15:40:04', NULL),
(655, 369, 35, '2019-02-12 15:40:12', NULL),
(656, 349, 35, '2019-02-12 15:40:16', NULL),
(657, 366, 35, '2019-02-12 15:40:19', NULL),
(659, 381, 25, '2019-02-12 15:40:50', NULL),
(665, 363, 23, '2019-02-12 15:42:24', NULL),
(669, 130, 22, '2019-02-12 15:46:06', NULL),
(673, 140, 25, '2019-02-12 15:46:49', NULL),
(674, 141, 25, '2019-02-12 15:46:51', NULL),
(676, 138, 25, '2019-02-12 15:47:15', NULL),
(677, 154, 25, '2019-02-12 15:47:16', NULL),
(678, 145, 25, '2019-02-12 15:47:22', NULL),
(679, 129, 25, '2019-02-12 15:47:23', NULL),
(680, 148, 25, '2019-02-12 15:47:45', NULL),
(681, 153, 25, '2019-02-12 15:47:49', NULL),
(682, 147, 32, '2019-02-12 15:47:58', NULL),
(683, 155, 25, '2019-02-12 15:48:04', NULL),
(684, 131, 35, '2019-02-12 15:48:19', NULL),
(685, 126, 35, '2019-02-12 15:48:21', NULL),
(686, 136, 25, '2019-02-12 15:48:23', NULL),
(688, 137, 25, '2019-02-12 15:50:41', NULL),
(689, 127, 25, '2019-02-12 15:50:57', NULL),
(690, 84, 21, '2019-02-12 16:17:01', NULL),
(691, 160, 24, '2019-02-12 17:37:21', NULL),
(692, 230, 24, '2019-02-12 17:37:55', NULL),
(693, 161, 24, '2019-02-12 17:38:30', NULL),
(694, 200, 24, '2019-02-12 17:38:53', NULL),
(695, 166, 24, '2019-02-12 17:40:31', NULL),
(696, 201, 24, '2019-02-12 17:40:57', NULL),
(697, 168, 24, '2019-02-12 17:41:22', NULL),
(698, 231, 24, '2019-02-12 17:41:48', NULL),
(699, 232, 24, '2019-02-12 17:42:13', NULL),
(700, 233, 24, '2019-02-12 17:42:37', NULL),
(701, 169, 24, '2019-02-12 17:42:59', NULL),
(702, 170, 24, '2019-02-12 17:43:40', NULL),
(703, 171, 24, '2019-02-12 17:44:05', NULL),
(704, 234, 24, '2019-02-12 17:44:33', NULL),
(705, 209, 24, '2019-02-12 17:45:02', NULL),
(706, 132, 24, '2019-02-12 17:45:30', NULL),
(707, 210, 24, '2019-02-12 17:45:50', NULL),
(708, 179, 24, '2019-02-12 17:46:09', NULL),
(709, 133, 24, '2019-02-12 17:46:52', NULL),
(710, 135, 24, '2019-02-12 17:47:11', NULL),
(711, 239, 24, '2019-02-12 17:47:31', NULL),
(712, 241, 24, '2019-02-12 17:47:50', NULL),
(713, 246, 24, '2019-02-12 17:48:12', NULL),
(714, 247, 24, '2019-02-12 17:48:33', NULL),
(715, 184, 24, '2019-02-12 17:49:04', NULL),
(716, 142, 24, '2019-02-12 17:50:21', NULL),
(717, 219, 24, '2019-02-12 17:50:40', NULL),
(718, 143, 24, '2019-02-12 17:51:02', NULL),
(719, 144, 24, '2019-02-12 17:51:52', NULL),
(720, 146, 24, '2019-02-12 17:52:12', NULL),
(721, 188, 24, '2019-02-12 17:52:34', NULL),
(722, 150, 24, '2019-02-12 17:52:57', NULL),
(723, 190, 24, '2019-02-12 17:54:10', NULL),
(724, 193, 24, '2019-02-12 17:54:33', NULL),
(725, 263, 24, '2019-02-12 17:55:35', NULL),
(726, 265, 24, '2019-02-12 17:56:08', NULL),
(727, 157, 24, '2019-02-12 17:56:27', NULL),
(728, 158, 24, '2019-02-12 17:56:46', NULL),
(729, 242, 24, '2019-02-12 17:58:55', NULL),
(730, 134, 24, '2019-02-12 17:59:32', NULL),
(731, 197, 17, '2019-02-13 09:20:29', NULL),
(732, 204, 17, '2019-02-13 09:21:06', NULL),
(733, 135, 17, '2019-02-13 09:21:37', NULL),
(734, 128, 13, '2019-02-13 09:32:24', NULL),
(735, 61, 13, '2019-02-13 09:33:01', NULL),
(736, 144, 13, '2019-02-13 09:33:35', NULL),
(737, 252, 17, '2019-02-13 09:34:14', NULL),
(738, 253, 17, '2019-02-13 09:35:02', NULL),
(739, 147, 13, '2019-02-13 09:35:48', NULL),
(740, 259, 17, '2019-02-13 09:36:13', NULL),
(741, 261, 17, '2019-02-13 09:36:37', NULL),
(742, 155, 13, '2019-02-13 09:37:28', NULL),
(743, 122, 17, '2019-02-13 09:37:56', NULL),
(745, 132, 8, '2019-02-13 09:43:35', NULL),
(746, 12, 13, '2019-02-13 09:45:07', NULL),
(747, 243, 8, '2019-02-13 09:48:21', NULL),
(748, 141, 8, '2019-02-13 09:49:04', NULL),
(749, 145, 8, '2019-02-13 09:49:26', NULL),
(750, 146, 8, '2019-02-13 09:49:51', NULL),
(751, 252, 8, '2019-02-13 09:51:35', NULL),
(752, 148, 8, '2019-02-13 09:55:36', NULL),
(753, 150, 8, '2019-02-13 09:58:58', NULL),
(754, 151, 8, '2019-02-13 09:59:23', NULL),
(755, 153, 8, '2019-02-13 09:59:43', NULL),
(756, 154, 8, '2019-02-13 10:00:03', NULL),
(757, 84, 8, '2019-02-13 10:00:26', NULL),
(758, 45, 6, '2019-02-13 10:12:35', NULL),
(759, 231, 6, '2019-02-13 10:12:55', NULL),
(760, 206, 6, '2019-02-13 10:13:13', NULL),
(761, 351, 6, '2019-02-13 10:13:48', NULL),
(762, 234, 6, '2019-02-13 10:14:05', NULL),
(763, 237, 6, '2019-02-13 10:14:27', NULL),
(764, 214, 6, '2019-02-13 10:14:49', NULL),
(765, 181, 6, '2019-02-13 10:15:11', NULL),
(766, 238, 6, '2019-02-13 10:16:26', NULL),
(767, 242, 6, '2019-02-13 10:16:44', NULL),
(768, 248, 6, '2019-02-13 10:17:03', NULL),
(769, 218, 6, '2019-02-13 10:17:22', NULL),
(770, 221, 6, '2019-02-13 10:17:42', NULL),
(771, 225, 6, '2019-02-13 10:18:02', NULL),
(772, 226, 6, '2019-02-13 10:18:21', NULL),
(773, 258, 6, '2019-02-13 10:18:41', NULL),
(774, 81, 6, '2019-02-13 10:19:11', NULL),
(775, 263, 6, '2019-02-13 10:19:34', NULL),
(776, 262, 6, '2019-02-13 10:28:36', NULL),
(777, 264, 6, '2019-02-13 10:29:05', NULL),
(778, 197, 10, '2019-02-13 10:48:50', NULL),
(779, 349, 10, '2019-02-13 10:49:16', NULL),
(780, 164, 10, '2019-02-13 10:49:39', NULL),
(781, 166, 10, '2019-02-13 10:49:57', NULL),
(782, 201, 10, '2019-02-13 10:50:16', NULL),
(783, 203, 10, '2019-02-13 10:50:37', NULL),
(784, 12, 10, '2019-02-13 10:50:56', NULL),
(785, 124, 10, '2019-02-13 10:51:20', NULL),
(786, 204, 10, '2019-02-13 10:51:59', NULL),
(787, 50, 10, '2019-02-13 10:52:27', NULL),
(788, 128, 10, '2019-02-13 10:52:48', NULL),
(789, 171, 10, '2019-02-13 10:53:06', NULL),
(790, 173, 10, '2019-02-13 10:53:35', NULL),
(791, 356, 10, '2019-02-13 10:54:17', NULL),
(792, 174, 10, '2019-02-13 10:54:51', NULL),
(793, 357, 10, '2019-02-13 10:55:18', NULL),
(794, 211, 10, '2019-02-13 10:55:36', NULL),
(795, 177, 10, '2019-02-13 10:55:54', NULL),
(796, 134, 10, '2019-02-13 10:56:11', NULL),
(797, 213, 10, '2019-02-13 10:56:47', NULL),
(798, 55, 10, '2019-02-13 10:57:07', NULL),
(799, 360, 10, '2019-02-13 10:57:26', NULL),
(800, 46, 9, '2019-02-13 10:59:22', NULL),
(801, 161, 9, '2019-02-13 11:00:07', NULL),
(802, 165, 9, '2019-02-13 11:00:59', NULL),
(803, 57, 10, '2019-02-13 11:01:03', NULL),
(804, 364, 10, '2019-02-13 11:01:25', NULL),
(805, 61, 10, '2019-02-13 11:01:42', NULL),
(806, 62, 10, '2019-02-13 11:02:17', NULL),
(807, 143, 10, '2019-02-13 11:02:40', NULL),
(808, 51, 9, '2019-02-13 11:02:52', NULL),
(809, 144, 10, '2019-02-13 11:03:11', NULL),
(810, 17, 9, '2019-02-13 11:03:23', NULL),
(811, 29, 10, '2019-02-13 11:03:35', NULL),
(812, 368, 10, '2019-02-13 11:03:54', NULL),
(813, 63, 9, '2019-02-13 11:03:58', NULL),
(814, 75, 10, '2019-02-13 11:04:16', NULL),
(815, 26, 9, '2019-02-13 11:04:29', NULL),
(816, 375, 10, '2019-02-13 11:04:35', NULL),
(817, 79, 10, '2019-02-13 11:04:54', NULL),
(818, 31, 9, '2019-02-13 11:05:01', NULL),
(819, 80, 10, '2019-02-13 11:05:13', NULL),
(820, 152, 10, '2019-02-13 11:05:30', NULL),
(821, 32, 9, '2019-02-13 11:05:34', NULL),
(822, 378, 10, '2019-02-13 11:05:59', NULL),
(823, 73, 9, '2019-02-13 11:06:10', NULL),
(824, 261, 10, '2019-02-13 11:06:22', NULL),
(825, 158, 10, '2019-02-13 11:06:40', NULL),
(826, 34, 9, '2019-02-13 11:06:44', NULL),
(827, 253, 10, '2019-02-13 11:07:00', NULL),
(828, 74, 9, '2019-02-13 11:07:45', NULL),
(829, 36, 9, '2019-02-13 11:08:17', NULL),
(830, 76, 9, '2019-02-13 11:08:47', NULL),
(831, 192, 9, '2019-02-13 11:09:15', NULL),
(832, 9, 4, '2019-02-13 11:09:31', NULL),
(833, 10, 4, '2019-02-13 11:09:51', NULL),
(834, 43, 9, '2019-02-13 11:10:59', NULL),
(835, 89, 4, '2019-02-13 11:11:30', NULL),
(836, 346, 4, '2019-02-13 11:11:54', NULL),
(837, 348, 4, '2019-02-13 11:12:15', NULL),
(838, 159, 7, '2019-02-13 11:19:31', NULL),
(839, 92, 4, '2019-02-13 11:19:43', NULL),
(840, 345, 7, '2019-02-13 11:19:59', NULL),
(841, 49, 4, '2019-02-13 11:20:27', NULL),
(842, 347, 7, '2019-02-13 11:20:37', NULL),
(843, 163, 7, '2019-02-13 11:21:05', NULL),
(844, 205, 7, '2019-02-13 11:21:30', NULL),
(845, 168, 7, '2019-02-13 11:21:59', NULL),
(846, 170, 7, '2019-02-13 11:22:26', NULL),
(847, 354, 7, '2019-02-13 11:22:58', NULL),
(848, 208, 7, '2019-02-13 11:23:24', NULL),
(849, 355, 7, '2019-02-13 11:23:54', NULL),
(850, 125, 4, '2019-02-13 11:23:56', NULL),
(851, 131, 7, '2019-02-13 11:24:19', NULL),
(852, 127, 4, '2019-02-13 11:24:36', NULL),
(853, 361, 7, '2019-02-13 11:24:44', NULL),
(854, 352, 4, '2019-02-13 11:25:05', NULL),
(855, 182, 7, '2019-02-13 11:25:20', NULL),
(856, 97, 4, '2019-02-13 11:25:30', NULL),
(857, 98, 4, '2019-02-13 11:25:49', NULL),
(858, 366, 7, '2019-02-13 11:25:57', NULL),
(859, 130, 4, '2019-02-13 11:26:09', NULL),
(860, 184, 7, '2019-02-13 11:26:23', NULL),
(861, 100, 4, '2019-02-13 11:26:32', NULL),
(862, 220, 7, '2019-02-13 11:26:49', NULL),
(863, 18, 4, '2019-02-13 11:26:57', NULL),
(864, 187, 7, '2019-02-13 11:27:12', NULL),
(865, 176, 4, '2019-02-13 11:27:25', NULL),
(866, 222, 7, '2019-02-13 11:27:41', NULL),
(867, 369, 7, '2019-02-13 11:28:06', NULL),
(868, 370, 7, '2019-02-13 11:28:58', NULL),
(869, 178, 4, '2019-02-13 11:29:17', NULL),
(870, 254, 7, '2019-02-13 11:29:26', NULL),
(871, 133, 4, '2019-02-13 11:29:36', NULL),
(872, 223, 7, '2019-02-13 11:29:54', NULL),
(873, 136, 4, '2019-02-13 11:29:55', NULL),
(874, 240, 4, '2019-02-13 11:30:15', NULL),
(875, 224, 7, '2019-02-13 11:30:16', NULL),
(876, 241, 4, '2019-02-13 11:30:42', NULL),
(877, 256, 7, '2019-02-13 11:30:59', NULL),
(878, 363, 4, '2019-02-13 11:31:06', NULL),
(879, 189, 7, '2019-02-13 11:31:22', NULL),
(880, 140, 4, '2019-02-13 11:31:39', NULL),
(881, 227, 7, '2019-02-13 11:31:45', NULL),
(882, 367, 4, '2019-02-13 11:31:57', NULL),
(883, 229, 7, '2019-02-13 11:32:08', NULL),
(884, 193, 7, '2019-02-13 11:32:28', NULL),
(885, 64, 4, '2019-02-13 11:32:33', NULL),
(886, 265, 7, '2019-02-13 11:33:04', NULL),
(887, 382, 7, '2019-02-13 11:33:31', NULL),
(888, 249, 4, '2019-02-13 11:34:27', NULL),
(889, 250, 4, '2019-02-13 11:34:50', NULL),
(890, 27, 4, '2019-02-13 11:35:16', NULL),
(891, 7, 3, '2019-02-13 11:37:42', NULL),
(892, 28, 4, '2019-02-13 11:38:11', NULL),
(893, 8, 3, '2019-02-13 11:38:16', NULL),
(894, 69, 4, '2019-02-13 11:38:33', NULL),
(895, 88, 3, '2019-02-13 11:38:44', NULL),
(896, 11, 3, '2019-02-13 11:39:08', NULL),
(897, 71, 4, '2019-02-13 11:39:20', NULL),
(898, 91, 3, '2019-02-13 11:39:36', NULL),
(899, 149, 4, '2019-02-13 11:40:08', NULL),
(900, 15, 3, '2019-02-13 11:40:22', NULL),
(901, 374, 4, '2019-02-13 11:40:28', NULL),
(902, 16, 3, '2019-02-13 11:40:49', NULL),
(903, 77, 4, '2019-02-13 11:40:53', NULL),
(904, 191, 4, '2019-02-13 11:41:15', NULL),
(905, 102, 3, '2019-02-13 11:41:17', NULL),
(906, 39, 4, '2019-02-13 11:41:38', NULL),
(907, 103, 3, '2019-02-13 11:41:41', NULL),
(908, 40, 4, '2019-02-13 11:41:56', NULL),
(909, 383, 4, '2019-02-13 11:42:15', NULL),
(910, 22, 3, '2019-02-13 11:42:48', NULL),
(911, 108, 3, '2019-02-13 11:43:12', NULL),
(912, 109, 3, '2019-02-13 11:43:32', NULL),
(913, 217, 3, '2019-02-13 11:43:52', NULL),
(914, 68, 3, '2019-02-13 11:44:14', NULL),
(915, 115, 3, '2019-02-13 11:44:36', NULL),
(916, 228, 3, '2019-02-13 11:44:57', NULL),
(917, 155, 3, '2019-02-13 11:45:20', NULL),
(918, 118, 3, '2019-02-13 11:45:49', NULL),
(919, 120, 3, '2019-02-13 11:46:10', NULL),
(920, 194, 2, '2019-02-13 11:48:24', NULL),
(921, 195, 5, '2019-02-13 11:48:26', NULL),
(922, 87, 2, '2019-02-13 11:48:53', NULL),
(923, 90, 2, '2019-02-13 11:49:21', NULL),
(924, 78, 2, '2019-02-13 11:49:52', NULL),
(925, 198, 2, '2019-02-13 11:50:19', NULL),
(926, 257, 2, '2019-02-13 11:50:42', NULL),
(927, 196, 5, '2019-02-13 11:51:00', NULL),
(928, 93, 2, '2019-02-13 11:51:17', NULL),
(929, 160, 5, '2019-02-13 11:51:22', NULL),
(930, 255, 2, '2019-02-13 11:51:40', NULL),
(931, 230, 5, '2019-02-13 11:51:41', NULL),
(932, 123, 5, '2019-02-13 11:52:00', NULL),
(933, 95, 2, '2019-02-13 11:52:04', NULL),
(934, 199, 5, '2019-02-13 11:52:21', NULL),
(935, 96, 2, '2019-02-13 11:52:29', NULL),
(936, 209, 2, '2019-02-13 11:52:51', NULL),
(937, 99, 2, '2019-02-13 11:53:23', NULL),
(938, 19, 2, '2019-02-13 11:53:50', NULL),
(939, 162, 5, '2019-02-13 11:54:29', NULL),
(940, 200, 5, '2019-02-13 11:54:50', NULL),
(941, 167, 5, '2019-02-13 11:55:14', NULL),
(942, 101, 2, '2019-02-13 11:55:15', NULL),
(943, 126, 5, '2019-02-13 11:55:35', NULL),
(944, 106, 2, '2019-02-13 11:55:42', NULL),
(945, 232, 5, '2019-02-13 11:55:52', NULL),
(946, 233, 5, '2019-02-13 11:56:09', NULL),
(947, 207, 5, '2019-02-13 11:56:29', NULL),
(948, 169, 5, '2019-02-13 11:56:46', NULL),
(949, 129, 5, '2019-02-13 11:57:05', NULL),
(950, 21, 2, '2019-02-13 11:57:11', NULL),
(951, 236, 5, '2019-02-13 11:57:22', NULL),
(952, 210, 5, '2019-02-13 11:57:42', NULL),
(953, 58, 2, '2019-02-13 11:57:50', NULL),
(954, 23, 2, '2019-02-13 11:58:24', NULL),
(955, 212, 5, '2019-02-13 11:58:29', NULL),
(956, 60, 2, '2019-02-13 11:58:53', NULL),
(957, 179, 5, '2019-02-13 11:59:04', NULL),
(958, 65, 2, '2019-02-13 11:59:16', NULL),
(959, 180, 5, '2019-02-13 11:59:23', NULL),
(960, 111, 2, '2019-02-13 11:59:41', NULL),
(961, 246, 5, '2019-02-13 12:01:19', NULL),
(962, 247, 5, '2019-02-13 12:01:41', NULL),
(963, 135, 5, '2019-02-13 12:01:41', NULL),
(964, 239, 5, '2019-02-13 12:02:00', NULL),
(965, 142, 5, '2019-02-13 12:02:04', NULL),
(966, 219, 5, '2019-02-13 12:02:26', NULL),
(967, 137, 5, '2019-02-13 12:02:41', NULL),
(968, 185, 5, '2019-02-13 12:02:58', NULL),
(969, 138, 5, '2019-02-13 12:02:59', NULL),
(970, 244, 5, '2019-02-13 12:03:16', NULL),
(971, 186, 5, '2019-02-13 12:03:18', NULL),
(972, 245, 5, '2019-02-13 12:03:50', NULL),
(973, 147, 5, '2019-02-13 12:03:59', NULL),
(974, 216, 5, '2019-02-13 12:04:11', NULL),
(975, 188, 5, '2019-02-13 12:04:22', NULL),
(976, 190, 5, '2019-02-13 12:04:43', NULL),
(977, 260, 5, '2019-02-13 12:05:15', NULL),
(978, 156, 5, '2019-02-13 12:05:37', NULL),
(979, 157, 5, '2019-02-13 12:06:11', NULL),
(980, 234, 38, '2019-02-13 12:10:23', NULL),
(981, 215, 5, '2019-02-13 12:16:39', NULL),
(982, 33, 4, '2019-02-13 12:18:25', NULL),
(983, 350, 10, '2019-02-13 12:19:21', NULL),
(984, 7, 17, '2019-02-13 12:59:48', NULL),
(986, 38, 13, '2019-02-13 13:01:21', NULL),
(988, 8, 17, '2019-02-13 13:04:09', NULL),
(989, 8, 22, '2019-02-13 13:07:54', NULL),
(990, 385, 4, '2019-02-13 13:08:43', NULL),
(991, 385, 17, '2019-02-13 13:09:00', NULL),
(992, 385, 25, '2019-02-13 13:09:14', NULL),
(993, 139, 48, '2019-02-13 14:06:22', NULL),
(994, 148, 48, '2019-02-13 14:06:56', NULL),
(995, 158, 48, '2019-02-13 14:07:22', NULL),
(996, 128, 48, '2019-02-13 14:07:48', NULL),
(997, 130, 48, '2019-02-13 14:08:19', NULL),
(998, 131, 48, '2019-02-13 14:08:48', NULL),
(999, 141, 48, '2019-02-13 14:09:14', NULL),
(1000, 146, 48, '2019-02-13 14:09:46', NULL),
(1001, 150, 48, '2019-02-13 14:10:19', NULL),
(1002, 151, 48, '2019-02-13 14:10:47', NULL),
(1003, 152, 48, '2019-02-13 14:11:25', NULL),
(1004, 165, 48, '2019-02-13 14:11:58', NULL),
(1005, 171, 48, '2019-02-13 14:12:22', NULL),
(1006, 183, 48, '2019-02-13 14:12:54', NULL),
(1007, 164, 48, '2019-02-13 14:13:18', NULL),
(1008, 170, 48, '2019-02-13 14:13:45', NULL),
(1009, 173, 48, '2019-02-13 14:14:07', NULL),
(1010, 174, 48, '2019-02-13 14:14:31', NULL),
(1011, 184, 48, '2019-02-13 14:15:13', NULL),
(1012, 193, 48, '2019-02-13 14:15:39', NULL),
(1013, 214, 48, '2019-02-13 14:16:17', NULL),
(1014, 197, 48, '2019-02-13 14:16:42', NULL),
(1015, 203, 48, '2019-02-13 14:17:12', NULL),
(1016, 205, 48, '2019-02-13 14:17:44', NULL),
(1017, 208, 48, '2019-02-13 14:18:14', NULL),
(1018, 217, 48, '2019-02-13 14:18:55', NULL),
(1019, 225, 48, '2019-02-13 14:19:28', NULL),
(1020, 228, 48, '2019-02-13 14:19:56', NULL),
(1021, 198, 48, '2019-02-13 14:20:19', NULL),
(1022, 201, 48, '2019-02-13 14:20:43', NULL),
(1023, 202, 48, '2019-02-13 14:21:06', NULL),
(1025, 251, 48, '2019-02-13 14:24:16', NULL),
(1026, 257, 48, '2019-02-13 14:24:45', NULL),
(1027, 261, 48, '2019-02-13 14:25:13', NULL),
(1028, 263, 48, '2019-02-13 14:25:48', NULL),
(1029, 264, 48, '2019-02-13 14:26:14', NULL),
(1030, 231, 48, '2019-02-13 14:26:44', NULL),
(1031, 240, 48, '2019-02-13 14:27:24', NULL),
(1032, 242, 48, '2019-02-13 14:27:47', NULL),
(1033, 265, 48, '2019-02-13 14:29:00', NULL),
(1034, 301, 46, '2019-02-13 14:39:58', NULL),
(1035, 296, 45, '2019-02-13 14:40:17', NULL),
(1036, 313, 45, '2019-02-13 14:40:17', NULL),
(1037, 305, 46, '2019-02-13 14:40:24', NULL),
(1038, 314, 46, '2019-02-13 14:40:25', NULL),
(1039, 302, 45, '2019-02-13 14:40:39', NULL),
(1040, 307, 45, '2019-02-13 14:41:04', NULL),
(1041, 309, 45, '2019-02-13 14:41:09', NULL),
(1042, 294, 45, '2019-02-13 14:41:11', NULL),
(1043, 317, 46, '2019-02-13 14:41:24', NULL),
(1044, 293, 38, '2019-02-13 14:41:28', NULL),
(1045, 316, 45, '2019-02-13 14:41:39', NULL),
(1046, 300, 46, '2019-02-13 14:41:49', NULL),
(1047, 310, 45, '2019-02-13 14:41:58', NULL),
(1048, 304, 45, '2019-02-13 14:42:07', NULL),
(1049, 299, 45, '2019-02-13 14:42:08', NULL),
(1050, 315, 45, '2019-02-13 14:42:23', NULL),
(1051, 308, 45, '2019-02-13 14:42:33', NULL),
(1052, 297, 45, '2019-02-13 14:42:35', NULL),
(1053, 306, 45, '2019-02-13 14:42:52', NULL),
(1054, 312, 45, '2019-02-13 14:43:40', NULL),
(1055, 311, 45, '2019-02-13 14:43:42', NULL),
(1056, 303, 45, '2019-02-13 14:43:54', NULL),
(1057, 298, 44, '2019-02-13 14:43:55', NULL),
(1058, 267, 45, '2019-02-13 14:49:10', NULL),
(1059, 281, 47, '2019-02-13 14:49:13', NULL),
(1060, 289, 47, '2019-02-13 14:49:28', NULL),
(1061, 288, 47, '2019-02-13 14:49:33', NULL),
(1062, 292, 45, '2019-02-13 14:49:35', NULL),
(1063, 269, 38, '2019-02-13 14:49:45', NULL),
(1064, 275, 45, '2019-02-13 14:50:02', NULL),
(1065, 272, 47, '2019-02-13 14:50:08', NULL),
(1066, 273, 47, '2019-02-13 14:50:08', NULL),
(1067, 266, 45, '2019-02-13 14:50:25', NULL),
(1068, 286, 45, '2019-02-13 14:50:26', NULL),
(1069, 287, 45, '2019-02-13 14:50:26', NULL),
(1070, 274, 45, '2019-02-13 14:50:32', NULL),
(1071, 290, 45, '2019-02-13 14:50:36', NULL),
(1072, 278, 45, '2019-02-13 14:50:39', NULL),
(1073, 283, 45, '2019-02-13 14:50:47', NULL),
(1074, 279, 43, '2019-02-13 14:50:48', NULL),
(1075, 282, 45, '2019-02-13 14:50:48', NULL),
(1076, 285, 45, '2019-02-13 14:50:54', NULL),
(1077, 277, 45, '2019-02-13 14:50:57', NULL),
(1078, 271, 47, '2019-02-13 14:51:19', NULL),
(1079, 284, 45, '2019-02-13 14:51:23', NULL),
(1080, 280, 41, '2019-02-13 14:51:24', NULL),
(1081, 270, 45, '2019-02-13 14:51:41', NULL),
(1082, 276, 45, '2019-02-13 14:52:24', NULL),
(1083, 268, 46, '2019-02-13 14:52:38', NULL),
(1084, 291, 46, '2019-02-13 14:54:38', NULL),
(1085, 332, 45, '2019-02-13 15:01:30', NULL),
(1086, 330, 45, '2019-02-13 15:01:32', NULL),
(1087, 325, 46, '2019-02-13 15:01:42', NULL),
(1088, 329, 43, '2019-02-13 15:02:30', NULL),
(1089, 319, 43, '2019-02-13 15:02:32', NULL),
(1090, 323, 38, '2019-02-13 15:03:15', NULL),
(1091, 335, 41, '2019-02-13 15:03:22', NULL),
(1092, 336, 38, '2019-02-13 15:04:20', NULL),
(1093, 343, 47, '2019-02-13 15:04:28', NULL),
(1094, 339, 41, '2019-02-13 15:04:39', NULL),
(1095, 338, 41, '2019-02-13 15:04:46', NULL),
(1096, 322, 41, '2019-02-13 15:04:55', NULL),
(1097, 334, 38, '2019-02-13 15:05:01', NULL),
(1098, 321, 39, '2019-02-13 15:05:04', NULL),
(1099, 333, 47, '2019-02-13 15:05:05', NULL),
(1100, 318, 38, '2019-02-13 15:05:36', NULL),
(1101, 340, 41, '2019-02-13 15:05:40', NULL),
(1102, 344, 39, '2019-02-13 15:06:00', NULL),
(1103, 328, 41, '2019-02-13 15:06:20', NULL),
(1104, 337, 41, '2019-02-13 15:06:20', NULL),
(1105, 326, 41, '2019-02-13 15:06:26', NULL),
(1106, 342, 46, '2019-02-13 15:07:24', NULL),
(1107, 109, 46, '2019-02-13 15:13:23', NULL),
(1108, 101, 43, '2019-02-13 15:13:28', NULL),
(1109, 113, 43, '2019-02-13 15:13:31', NULL),
(1110, 91, 38, '2019-02-13 15:13:44', NULL),
(1111, 117, 41, '2019-02-13 15:13:45', NULL),
(1112, 97, 44, '2019-02-13 15:14:01', NULL),
(1113, 121, 44, '2019-02-13 15:14:14', NULL),
(1114, 112, 46, '2019-02-13 15:14:25', NULL),
(1115, 107, 38, '2019-02-13 15:14:27', NULL),
(1116, 105, 46, '2019-02-13 15:14:52', NULL),
(1117, 94, 41, '2019-02-13 15:15:10', NULL),
(1118, 106, 40, '2019-02-13 15:15:11', NULL),
(1119, 85, 41, '2019-02-13 15:15:17', NULL),
(1120, 90, 43, '2019-02-13 15:15:18', NULL),
(1121, 102, 39, '2019-02-13 15:15:23', NULL),
(1122, 110, 41, '2019-02-13 15:15:37', NULL),
(1123, 108, 39, '2019-02-13 15:15:40', NULL),
(1124, 122, 43, '2019-02-13 15:15:50', NULL),
(1125, 87, 38, '2019-02-13 15:15:56', NULL),
(1126, 103, 40, '2019-02-13 15:15:57', NULL),
(1127, 98, 40, '2019-02-13 15:16:10', NULL),
(1129, 120, 41, '2019-02-13 15:16:47', NULL),
(1130, 96, 40, '2019-02-13 15:16:51', NULL),
(1131, 111, 38, '2019-02-13 15:16:51', NULL),
(1132, 117, 2, '2019-02-13 15:17:05', NULL),
(1133, 104, 43, '2019-02-13 15:17:06', NULL),
(1134, 106, 25, '2019-02-13 15:17:38', NULL),
(1136, 182, 46, '2019-02-13 15:24:01', NULL),
(1137, 186, 43, '2019-02-13 15:24:01', NULL),
(1138, 160, 45, '2019-02-13 15:24:01', NULL),
(1139, 159, 43, '2019-02-13 15:24:09', NULL),
(1140, 162, 46, '2019-02-13 15:24:11', NULL),
(1141, 189, 43, '2019-02-13 15:24:16', NULL),
(1142, 176, 46, '2019-02-13 15:24:27', NULL),
(1143, 187, 43, '2019-02-13 15:24:32', NULL),
(1144, 172, 41, '2019-02-13 15:24:34', NULL),
(1145, 191, 45, '2019-02-13 15:24:43', NULL),
(1146, 181, 43, '2019-02-13 15:24:47', NULL),
(1147, 168, 45, '2019-02-13 15:24:56', NULL),
(1148, 163, 45, '2019-02-13 15:25:07', NULL),
(1149, 167, 41, '2019-02-13 15:25:08', NULL),
(1150, 179, 41, '2019-02-13 15:25:12', NULL),
(1151, 192, 42, '2019-02-13 15:25:32', NULL),
(1152, 177, 44, '2019-02-13 15:25:37', NULL),
(1153, 178, 46, '2019-02-13 15:25:44', NULL),
(1154, 157, 45, '2019-02-13 15:25:50', NULL),
(1155, 166, 46, '2019-02-13 15:26:26', NULL),
(1156, 190, 46, '2019-02-13 15:26:38', NULL),
(1157, 188, 42, '2019-02-13 15:26:48', NULL),
(1158, 185, 39, '2019-02-13 15:27:20', NULL),
(1159, 169, 39, '2019-02-13 15:27:23', NULL),
(1160, 180, 46, '2019-02-13 15:27:33', NULL),
(1161, 168, 13, '2019-02-13 15:28:31', NULL),
(1162, 180, 32, '2019-02-13 15:29:14', NULL),
(1163, 172, 3, '2019-02-13 15:29:50', NULL),
(1164, 180, 13, '2019-02-13 15:30:04', NULL),
(1165, 26, 37, '2019-02-13 15:48:13', NULL),
(1166, 348, 37, '2019-02-13 15:52:00', NULL),
(1167, 370, 37, '2019-02-13 15:53:04', NULL),
(1168, 376, 3, '2019-02-14 10:27:04', NULL),
(1169, 383, 35, '2019-02-14 10:29:02', NULL),
(1170, 364, 13, '2019-02-14 10:29:54', NULL),
(1171, 358, 13, '2019-02-14 10:30:30', NULL),
(1173, 267, 56, '2019-02-14 11:10:58', NULL),
(1174, 268, 56, '2019-02-14 11:11:23', NULL),
(1175, 276, 56, '2019-02-14 11:11:42', NULL),
(1176, 281, 56, '2019-02-14 11:12:06', NULL),
(1177, 291, 56, '2019-02-14 11:12:44', NULL),
(1178, 294, 56, '2019-02-14 11:13:16', NULL),
(1179, 295, 56, '2019-02-14 11:13:41', NULL),
(1180, 297, 56, '2019-02-14 11:14:05', NULL),
(1181, 302, 56, '2019-02-14 11:14:43', NULL),
(1182, 303, 56, '2019-02-14 11:15:02', NULL),
(1183, 306, 56, '2019-02-14 11:15:21', NULL),
(1184, 307, 56, '2019-02-14 11:15:44', NULL),
(1185, 308, 56, '2019-02-14 11:16:04', NULL),
(1186, 309, 56, '2019-02-14 11:16:25', NULL),
(1187, 311, 56, '2019-02-14 11:16:45', NULL),
(1188, 317, 56, '2019-02-14 11:17:42', NULL),
(1189, 318, 56, '2019-02-14 11:18:03', NULL),
(1190, 320, 56, '2019-02-14 11:18:23', NULL),
(1191, 323, 56, '2019-02-14 11:18:45', NULL),
(1192, 324, 56, '2019-02-14 11:19:07', NULL),
(1193, 325, 56, '2019-02-14 11:19:37', NULL),
(1195, 333, 56, '2019-02-14 11:20:17', NULL),
(1197, 335, 56, '2019-02-14 11:20:53', NULL),
(1198, 336, 56, '2019-02-14 11:21:18', NULL),
(1200, 344, 56, '2019-02-14 11:21:54', NULL),
(1201, 363, 42, '2019-02-14 14:33:46', NULL),
(1202, 361, 43, '2019-02-14 14:33:53', NULL),
(1203, 381, 46, '2019-02-14 14:33:57', NULL),
(1204, 355, 43, '2019-02-14 14:33:59', NULL),
(1205, 366, 38, '2019-02-14 14:33:59', NULL),
(1206, 382, 44, '2019-02-14 14:34:06', NULL),
(1207, 345, 44, '2019-02-14 14:34:45', NULL),
(1208, 375, 44, '2019-02-14 14:34:46', NULL),
(1209, 346, 38, '2019-02-14 14:34:46', NULL),
(1210, 377, 39, '2019-02-14 14:34:47', NULL),
(1211, 378, 44, '2019-02-14 14:34:49', NULL),
(1212, 351, 40, '2019-02-14 14:35:08', NULL),
(1213, 365, 43, '2019-02-14 14:35:11', NULL),
(1214, 376, 46, '2019-02-14 14:35:40', NULL),
(1216, 357, 46, '2019-02-14 14:36:16', NULL),
(1217, 369, 38, '2019-02-14 14:36:20', NULL),
(1218, 380, 40, '2019-02-14 14:36:21', NULL),
(1219, 374, 38, '2019-02-14 14:36:42', NULL),
(1221, 370, 38, '2019-02-14 14:37:11', NULL),
(1222, 383, 38, '2019-02-14 14:37:32', NULL),
(1224, 216, 41, '2019-02-14 14:40:21', NULL),
(1225, 206, 38, '2019-02-14 14:40:24', NULL),
(1226, 226, 38, '2019-02-14 14:40:24', NULL),
(1227, 213, 46, '2019-02-14 14:40:38', NULL),
(1228, 194, 39, '2019-02-14 14:40:44', NULL),
(1229, 220, 39, '2019-02-14 14:40:46', NULL),
(1230, 204, 46, '2019-02-14 14:40:50', NULL),
(1231, 211, 43, '2019-02-14 14:40:58', NULL),
(1232, 215, 39, '2019-02-14 14:41:01', NULL),
(1233, 212, 44, '2019-02-14 14:41:02', NULL),
(1234, 227, 39, '2019-02-14 14:41:09', NULL),
(1235, 218, 41, '2019-02-14 14:41:09', NULL),
(1236, 195, 41, '2019-02-14 14:41:23', NULL),
(1237, 222, 41, '2019-02-14 14:41:27', NULL),
(1238, 196, 39, '2019-02-14 14:41:43', NULL),
(1239, 207, 46, '2019-02-14 14:41:46', NULL),
(1240, 223, 46, '2019-02-14 14:41:47', NULL),
(1241, 199, 38, '2019-02-14 14:41:52', NULL),
(1242, 221, 41, '2019-02-14 14:41:53', NULL),
(1243, 229, 46, '2019-02-14 14:42:20', NULL),
(1244, 219, 39, '2019-02-14 14:42:35', NULL);
INSERT INTO `inscricoes` (`id`, `aluno_id`, `eletiva_id`, `created`, `updated`) VALUES
(1245, 200, 39, '2019-02-14 14:42:42', NULL),
(1246, 210, 41, '2019-02-14 14:43:06', NULL),
(1247, 199, 25, '2019-02-14 14:43:16', NULL),
(1248, 42, 41, '2019-02-14 14:47:24', NULL),
(1249, 31, 41, '2019-02-14 14:47:33', NULL),
(1250, 29, 46, '2019-02-14 14:47:33', NULL),
(1251, 37, 44, '2019-02-14 14:47:43', NULL),
(1252, 35, 41, '2019-02-14 14:47:46', NULL),
(1253, 384, 39, '2019-02-14 14:47:46', NULL),
(1254, 44, 39, '2019-02-14 14:47:58', NULL),
(1255, 28, 46, '2019-02-14 14:48:02', NULL),
(1256, 13, 46, '2019-02-14 14:48:06', NULL),
(1257, 14, 46, '2019-02-14 14:48:10', NULL),
(1258, 19, 39, '2019-02-14 14:48:27', NULL),
(1259, 16, 44, '2019-02-14 14:48:44', NULL),
(1260, 40, 44, '2019-02-14 14:49:27', NULL),
(1261, 30, 40, '2019-02-14 14:49:34', NULL),
(1262, 11, 41, '2019-02-14 14:49:42', NULL),
(1263, 34, 39, '2019-02-14 14:49:56', NULL),
(1264, 38, 40, '2019-02-14 14:49:58', NULL),
(1265, 39, 46, '2019-02-14 14:49:59', NULL),
(1266, 24, 40, '2019-02-14 14:50:05', NULL),
(1267, 36, 44, '2019-02-14 14:50:05', NULL),
(1268, 26, 40, '2019-02-14 14:50:17', NULL),
(1270, 9, 44, '2019-02-14 14:50:23', NULL),
(1271, 21, 44, '2019-02-14 14:50:24', NULL),
(1272, 20, 42, '2019-02-14 14:51:04', NULL),
(1273, 30, 6, '2019-02-14 14:51:39', NULL),
(1274, 20, 22, '2019-02-14 14:52:09', NULL),
(1275, 252, 46, '2019-02-14 14:54:37', NULL),
(1276, 246, 46, '2019-02-14 14:54:49', NULL),
(1277, 259, 46, '2019-02-14 14:54:51', NULL),
(1278, 237, 39, '2019-02-14 14:55:10', NULL),
(1279, 258, 39, '2019-02-14 14:55:32', NULL),
(1280, 260, 38, '2019-02-14 14:55:32', NULL),
(1281, 248, 38, '2019-02-14 14:55:45', NULL),
(1282, 232, 39, '2019-02-14 14:55:46', NULL),
(1283, 230, 38, '2019-02-14 14:55:58', NULL),
(1284, 247, 42, '2019-02-14 14:56:03', NULL),
(1285, 241, 42, '2019-02-14 14:56:10', NULL),
(1286, 235, 40, '2019-02-14 14:56:14', NULL),
(1287, 244, 41, '2019-02-14 14:56:17', NULL),
(1288, 256, 39, '2019-02-14 14:56:21', NULL),
(1289, 254, 39, '2019-02-14 14:56:22', NULL),
(1290, 235, 2, '2019-02-14 14:56:41', NULL),
(1292, 255, 42, '2019-02-14 14:57:31', NULL),
(1293, 238, 43, '2019-02-14 14:58:11', NULL),
(1294, 253, 39, '2019-02-14 14:58:17', NULL),
(1295, 249, 25, '2019-02-14 14:59:47', NULL),
(1296, 250, 39, '2019-02-14 14:59:59', NULL),
(1297, 249, 48, '2019-02-14 15:00:04', NULL),
(1298, 239, 17, '2019-02-14 15:01:57', NULL),
(1299, 239, 42, '2019-02-14 15:02:29', NULL),
(1300, 47, 41, '2019-02-14 15:17:28', NULL),
(1301, 45, 41, '2019-02-14 15:18:04', NULL),
(1302, 60, 41, '2019-02-14 15:18:06', NULL),
(1304, 68, 42, '2019-02-14 15:18:27', NULL),
(1305, 75, 41, '2019-02-14 15:18:28', NULL),
(1306, 53, 44, '2019-02-14 15:19:03', NULL),
(1307, 64, 41, '2019-02-14 15:19:09', NULL),
(1308, 80, 43, '2019-02-14 15:19:20', NULL),
(1309, 52, 43, '2019-02-14 15:19:41', NULL),
(1311, 82, 44, '2019-02-14 15:20:50', NULL),
(1312, 77, 42, '2019-02-14 15:21:13', NULL),
(1314, 48, 40, '2019-02-14 15:21:41', NULL),
(1316, 53, 35, '2019-02-14 15:22:07', NULL),
(1317, 53, 17, '2019-02-14 15:23:21', NULL),
(1318, 84, 40, '2019-02-14 15:23:22', NULL),
(1320, 46, 39, '2019-02-14 15:23:36', NULL),
(1321, 49, 39, '2019-02-14 15:23:41', NULL),
(1322, 63, 44, '2019-02-14 15:23:52', NULL),
(1323, 73, 44, '2019-02-14 15:23:53', NULL),
(1324, 67, 39, '2019-02-14 15:24:13', NULL),
(1325, 56, 38, '2019-02-14 15:25:21', NULL),
(1326, 59, 43, '2019-02-14 15:26:11', NULL),
(1327, 50, 40, '2019-02-14 15:26:12', NULL),
(1329, 70, 6, '2019-02-14 15:26:29', NULL),
(1330, 59, 2, '2019-02-14 15:27:01', NULL),
(1331, 59, 35, '2019-02-14 15:27:44', NULL),
(1332, 61, 39, '2019-02-14 15:28:00', NULL),
(1333, 126, 39, '2019-02-14 15:32:04', NULL),
(1334, 154, 38, '2019-02-14 15:32:07', NULL),
(1335, 140, 38, '2019-02-14 15:32:08', NULL),
(1336, 149, 39, '2019-02-14 15:32:09', NULL),
(1337, 145, 38, '2019-02-14 15:32:09', NULL),
(1338, 142, 38, '2019-02-14 15:32:10', NULL),
(1339, 153, 44, '2019-02-14 15:32:13', NULL),
(1340, 129, 38, '2019-02-14 15:32:14', NULL),
(1341, 155, 40, '2019-02-14 15:32:15', NULL),
(1342, 133, 40, '2019-02-14 15:32:30', NULL),
(1343, 136, 40, '2019-02-14 15:32:34', NULL),
(1344, 138, 39, '2019-02-14 15:32:37', NULL),
(1345, 135, 39, '2019-02-14 15:32:39', NULL),
(1346, 137, 39, '2019-02-14 15:32:50', NULL),
(1347, 156, 44, '2019-02-14 15:33:02', NULL),
(1348, 132, 44, '2019-02-14 15:33:03', NULL),
(1349, 147, 44, '2019-02-14 15:33:48', NULL),
(1350, 144, 44, '2019-02-14 15:33:52', NULL),
(1351, 134, 44, '2019-02-14 15:34:27', NULL),
(1352, 124, 44, '2019-02-14 15:34:50', NULL),
(1353, 143, 44, '2019-02-14 15:35:25', NULL),
(1355, 143, 13, '2019-02-14 15:36:19', NULL),
(1356, 127, 38, '2019-02-14 15:36:23', NULL),
(1357, 199, 18, '2019-02-14 18:15:55', NULL),
(1358, 12, 44, '2019-02-15 06:30:40', NULL),
(1360, 363, 22, '2019-02-15 06:39:43', NULL),
(1361, 118, 22, '2019-02-15 06:40:30', NULL),
(1362, 357, 13, '2019-02-15 06:41:07', NULL),
(1363, 361, 22, '2019-02-15 06:43:44', NULL),
(1364, 289, 60, '2019-02-15 07:02:06', NULL),
(1365, 286, 60, '2019-02-15 07:02:20', NULL),
(1366, 266, 60, '2019-02-15 07:02:21', NULL),
(1367, 277, 55, '2019-02-15 07:02:26', NULL),
(1368, 283, 55, '2019-02-15 07:02:34', NULL),
(1369, 269, 52, '2019-02-15 07:02:34', NULL),
(1370, 274, 55, '2019-02-15 07:02:36', NULL),
(1371, 278, 59, '2019-02-15 07:02:36', NULL),
(1372, 282, 60, '2019-02-15 07:02:46', NULL),
(1373, 280, 55, '2019-02-15 07:02:59', NULL),
(1374, 273, 59, '2019-02-15 07:03:09', NULL),
(1375, 285, 60, '2019-02-15 07:03:09', NULL),
(1376, 284, 60, '2019-02-15 07:03:10', NULL),
(1377, 270, 59, '2019-02-15 07:03:11', NULL),
(1378, 288, 55, '2019-02-15 07:03:27', NULL),
(1379, 287, 59, '2019-02-15 07:03:30', NULL),
(1380, 279, 55, '2019-02-15 07:03:33', NULL),
(1381, 272, 53, '2019-02-15 07:03:54', NULL),
(1382, 292, 60, '2019-02-15 07:04:04', NULL),
(1384, 271, 55, '2019-02-15 07:04:14', NULL),
(1385, 332, 59, '2019-02-15 07:06:46', NULL),
(1386, 337, 59, '2019-02-15 07:06:59', NULL),
(1387, 338, 59, '2019-02-15 07:06:59', NULL),
(1388, 341, 59, '2019-02-15 07:07:25', NULL),
(1389, 326, 59, '2019-02-15 07:07:25', NULL),
(1390, 339, 59, '2019-02-15 07:07:30', NULL),
(1391, 340, 59, '2019-02-15 07:07:31', NULL),
(1392, 319, 59, '2019-02-15 07:07:33', NULL),
(1393, 322, 59, '2019-02-15 07:07:36', NULL),
(1394, 342, 59, '2019-02-15 07:08:01', NULL),
(1395, 321, 60, '2019-02-15 07:08:09', NULL),
(1396, 328, 52, '2019-02-15 07:08:27', NULL),
(1397, 334, 51, '2019-02-15 07:08:43', NULL),
(1398, 329, 59, '2019-02-15 07:08:58', NULL),
(1399, 331, 58, '2019-02-15 07:09:33', NULL),
(1400, 341, 40, '2019-02-15 07:10:17', NULL),
(1401, 324, 22, '2019-02-15 07:12:22', NULL),
(1402, 324, 43, '2019-02-15 07:12:45', NULL),
(1403, 298, 58, '2019-02-15 07:17:19', NULL),
(1404, 296, 60, '2019-02-15 07:17:30', NULL),
(1405, 316, 55, '2019-02-15 07:18:04', NULL),
(1406, 305, 60, '2019-02-15 07:18:08', NULL),
(1407, 314, 59, '2019-02-15 07:18:09', NULL),
(1408, 301, 60, '2019-02-15 07:18:10', NULL),
(1409, 293, 55, '2019-02-15 07:18:24', NULL),
(1410, 300, 60, '2019-02-15 07:18:37', NULL),
(1411, 310, 59, '2019-02-15 07:18:48', NULL),
(1412, 313, 60, '2019-02-15 07:19:03', NULL),
(1413, 304, 60, '2019-02-15 07:19:45', NULL),
(1414, 315, 60, '2019-02-15 07:19:47', NULL),
(1415, 299, 60, '2019-02-15 07:19:55', NULL),
(1416, 312, 60, '2019-02-15 07:20:09', NULL),
(1417, 300, 22, '2019-02-15 07:20:15', NULL),
(1418, 312, 25, '2019-02-15 07:21:27', NULL),
(1419, 141, 58, '2019-02-15 07:23:51', NULL),
(1420, 136, 59, '2019-02-15 07:23:59', NULL),
(1421, 139, 58, '2019-02-15 07:23:59', NULL),
(1422, 147, 59, '2019-02-15 07:24:01', NULL),
(1423, 125, 38, '2019-02-15 07:24:05', NULL),
(1424, 143, 59, '2019-02-15 07:24:06', NULL),
(1425, 142, 58, '2019-02-15 07:24:11', NULL),
(1426, 146, 52, '2019-02-15 07:24:12', NULL),
(1427, 139, 8, '2019-02-15 07:24:18', NULL),
(1428, 130, 52, '2019-02-15 07:24:26', NULL),
(1429, 132, 59, '2019-02-15 07:24:37', NULL),
(1430, 150, 59, '2019-02-15 07:24:52', NULL),
(1431, 151, 59, '2019-02-15 07:25:06', NULL),
(1432, 158, 59, '2019-02-15 07:25:15', NULL),
(1433, 156, 59, '2019-02-15 07:25:19', NULL),
(1434, 131, 58, '2019-02-15 07:25:26', NULL),
(1435, 124, 52, '2019-02-15 07:26:17', NULL),
(1436, 137, 58, '2019-02-15 07:26:24', NULL),
(1437, 125, 58, '2019-02-15 07:26:25', NULL),
(1438, 125, 25, '2019-02-15 07:26:58', NULL),
(1439, 123, 59, '2019-02-15 07:27:02', NULL),
(1440, 138, 59, '2019-02-15 07:27:53', NULL),
(1441, 123, 44, '2019-02-15 07:27:54', NULL),
(1442, 140, 59, '2019-02-15 07:28:01', NULL),
(1443, 149, 59, '2019-02-15 07:28:06', NULL),
(1444, 144, 59, '2019-02-15 07:28:11', NULL),
(1445, 128, 59, '2019-02-15 07:28:11', NULL),
(1446, 153, 59, '2019-02-15 07:28:12', NULL),
(1447, 135, 59, '2019-02-15 07:28:34', NULL),
(1448, 129, 60, '2019-02-15 07:28:54', NULL),
(1449, 145, 60, '2019-02-15 07:28:55', NULL),
(1450, 154, 60, '2019-02-15 07:29:01', NULL),
(1451, 127, 58, '2019-02-15 07:29:10', NULL),
(1452, 126, 49, '2019-02-15 07:29:12', NULL),
(1453, 148, 60, '2019-02-15 07:29:20', NULL),
(1454, 155, 49, '2019-02-15 07:29:55', NULL),
(1455, 133, 57, '2019-02-15 07:30:15', NULL),
(1456, 157, 60, '2019-02-15 07:30:33', NULL),
(1457, 18, 52, '2019-02-15 07:37:00', NULL),
(1458, 13, 59, '2019-02-15 07:37:01', NULL),
(1459, 30, 59, '2019-02-15 07:37:13', NULL),
(1460, 22, 59, '2019-02-15 07:37:15', NULL),
(1461, 14, 59, '2019-02-15 07:37:16', NULL),
(1463, 37, 60, '2019-02-15 07:38:22', NULL),
(1464, 24, 60, '2019-02-15 07:38:27', NULL),
(1465, 33, 52, '2019-02-15 07:38:33', NULL),
(1466, 28, 60, '2019-02-15 07:39:12', NULL),
(1467, 43, 52, '2019-02-15 07:39:14', NULL),
(1468, 38, 60, '2019-02-15 07:39:14', NULL),
(1469, 35, 54, '2019-02-15 07:39:20', NULL),
(1470, 27, 52, '2019-02-15 07:39:33', NULL),
(1471, 10, 52, '2019-02-15 07:39:33', NULL),
(1472, 40, 60, '2019-02-15 07:39:46', NULL),
(1473, 42, 52, '2019-02-15 07:40:08', NULL),
(1474, 384, 55, '2019-02-15 07:40:11', NULL),
(1475, 31, 52, '2019-02-15 07:40:25', NULL),
(1476, 34, 60, '2019-02-15 07:40:49', NULL),
(1477, 39, 60, '2019-02-15 07:41:04', NULL),
(1478, 7, 58, '2019-02-15 07:41:08', NULL),
(1479, 23, 52, '2019-02-15 07:41:35', NULL),
(1480, 8, 50, '2019-02-15 07:42:07', NULL),
(1481, 9, 58, '2019-02-15 07:42:28', NULL),
(1482, 15, 40, '2019-02-15 07:42:34', NULL),
(1483, 20, 51, '2019-02-15 07:42:50', NULL),
(1484, 15, 58, '2019-02-15 07:43:37', NULL),
(1485, 36, 52, '2019-02-15 07:43:44', NULL),
(1486, 343, 51, '2019-02-15 07:44:45', NULL),
(1487, 186, 60, '2019-02-15 07:47:08', NULL),
(1488, 159, 60, '2019-02-15 07:47:13', NULL),
(1489, 189, 60, '2019-02-15 07:47:16', NULL),
(1490, 165, 60, '2019-02-15 07:47:19', NULL),
(1491, 181, 60, '2019-02-15 07:47:40', NULL),
(1492, 168, 54, '2019-02-15 07:47:41', NULL),
(1494, 167, 60, '2019-02-15 07:48:02', NULL),
(1495, 205, 54, '2019-02-15 07:48:08', NULL),
(1496, 170, 52, '2019-02-15 07:48:13', NULL),
(1497, 163, 51, '2019-02-15 07:48:17', NULL),
(1498, 173, 58, '2019-02-15 07:48:30', NULL),
(1499, 176, 52, '2019-02-15 07:48:32', NULL),
(1500, 166, 52, '2019-02-15 07:48:34', NULL),
(1501, 113, 58, '2019-02-15 07:48:36', NULL),
(1502, 192, 54, '2019-02-15 07:48:38', NULL),
(1503, 191, 50, '2019-02-15 07:48:46', NULL),
(1504, 187, 60, '2019-02-15 07:48:51', NULL),
(1505, 160, 50, '2019-02-15 07:49:25', NULL),
(1506, 171, 52, '2019-02-15 07:49:44', NULL),
(1507, 177, 60, '2019-02-15 07:49:51', NULL),
(1508, 162, 51, '2019-02-15 07:51:21', NULL),
(1509, 182, 54, '2019-02-15 07:51:35', NULL),
(1510, 171, 17, '2019-02-15 07:51:39', NULL),
(1511, 169, 51, '2019-02-15 07:51:56', NULL),
(1512, 184, 50, '2019-02-15 07:52:20', NULL),
(1513, 172, 50, '2019-02-15 07:52:20', NULL),
(1514, 188, 51, '2019-02-15 07:52:47', NULL),
(1515, 161, 52, '2019-02-15 07:53:13', NULL),
(1516, 190, 52, '2019-02-15 07:53:29', NULL),
(1517, 184, 17, '2019-02-15 07:53:34', NULL),
(1518, 179, 50, '2019-02-15 07:55:53', NULL),
(1519, 161, 38, '2019-02-15 07:57:17', NULL),
(1520, 240, 51, '2019-02-15 08:18:25', NULL),
(1521, 248, 60, '2019-02-15 08:18:40', NULL),
(1522, 234, 51, '2019-02-15 08:18:44', NULL),
(1523, 246, 58, '2019-02-15 08:18:47', NULL),
(1524, 230, 51, '2019-02-15 08:19:02', NULL),
(1525, 247, 54, '2019-02-15 08:19:24', NULL),
(1526, 259, 58, '2019-02-15 08:19:35', NULL),
(1527, 250, 54, '2019-02-15 08:19:43', NULL),
(1528, 263, 51, '2019-02-15 08:19:44', NULL),
(1529, 260, 51, '2019-02-15 08:19:51', NULL),
(1530, 257, 51, '2019-02-15 08:19:55', NULL),
(1531, 255, 51, '2019-02-15 08:19:56', NULL),
(1532, 244, 54, '2019-02-15 08:20:03', NULL),
(1533, 263, 17, '2019-02-15 08:20:10', NULL),
(1534, 253, 58, '2019-02-15 08:20:33', NULL),
(1535, 238, 51, '2019-02-15 08:20:52', NULL),
(1536, 232, 51, '2019-02-15 08:20:58', NULL),
(1537, 235, 55, '2019-02-15 08:21:41', NULL),
(1538, 233, 51, '2019-02-15 08:21:52', NULL),
(1539, 237, 51, '2019-02-15 08:22:07', NULL),
(1540, 258, 51, '2019-02-15 08:22:09', NULL),
(1541, 265, 51, '2019-02-15 08:22:16', NULL),
(1542, 261, 51, '2019-02-15 08:22:19', NULL),
(1543, 242, 51, '2019-02-15 08:22:22', NULL),
(1544, 241, 51, '2019-02-15 08:22:42', NULL),
(1545, 243, 42, '2019-02-15 08:22:43', NULL),
(1546, 256, 51, '2019-02-15 08:22:43', NULL),
(1547, 254, 51, '2019-02-15 08:22:45', NULL),
(1548, 231, 51, '2019-02-15 08:22:45', NULL),
(1549, 251, 51, '2019-02-15 08:23:13', NULL),
(1550, 239, 51, '2019-02-15 08:23:13', NULL),
(1551, 252, 58, '2019-02-15 08:23:37', NULL),
(1552, 249, 51, '2019-02-15 08:23:37', NULL),
(1553, 236, 51, '2019-02-15 08:23:43', NULL),
(1554, 243, 55, '2019-02-15 08:23:56', NULL),
(1555, 251, 3, '2019-02-15 08:24:45', NULL),
(1556, 236, 38, '2019-02-15 08:26:09', NULL),
(1557, 212, 52, '2019-02-15 08:28:48', NULL),
(1558, 197, 52, '2019-02-15 08:28:52', NULL),
(1559, 211, 54, '2019-02-15 08:29:11', NULL),
(1560, 202, 52, '2019-02-15 08:29:23', NULL),
(1561, 203, 54, '2019-02-15 08:29:23', NULL),
(1562, 216, 55, '2019-02-15 08:29:24', NULL),
(1563, 227, 49, '2019-02-15 08:29:25', NULL),
(1564, 208, 54, '2019-02-15 08:29:37', NULL),
(1565, 223, 54, '2019-02-15 08:29:47', NULL),
(1566, 204, 58, '2019-02-15 08:29:52', NULL),
(1567, 229, 54, '2019-02-15 08:29:54', NULL),
(1568, 210, 54, '2019-02-15 08:30:02', NULL),
(1569, 199, 54, '2019-02-15 08:30:12', NULL),
(1570, 222, 54, '2019-02-15 08:30:13', NULL),
(1571, 217, 53, '2019-02-15 08:30:20', NULL),
(1572, 213, 49, '2019-02-15 08:30:29', NULL),
(1573, 207, 54, '2019-02-15 08:30:40', NULL),
(1574, 196, 54, '2019-02-15 08:30:42', NULL),
(1575, 226, 54, '2019-02-15 08:30:45', NULL),
(1576, 209, 40, '2019-02-15 08:30:55', NULL),
(1577, 220, 55, '2019-02-15 08:30:59', NULL),
(1578, 202, 8, '2019-02-15 08:31:14', NULL),
(1579, 200, 54, '2019-02-15 08:31:18', NULL),
(1580, 225, 54, '2019-02-15 08:31:27', NULL),
(1581, 209, 50, '2019-02-15 08:31:33', NULL),
(1582, 215, 54, '2019-02-15 08:31:36', NULL),
(1583, 198, 55, '2019-02-15 08:31:39', NULL),
(1584, 219, 49, '2019-02-15 08:31:57', NULL),
(1585, 201, 54, '2019-02-15 08:31:57', NULL),
(1586, 224, 54, '2019-02-15 08:31:57', NULL),
(1587, 206, 54, '2019-02-15 08:32:10', NULL),
(1588, 194, 52, '2019-02-15 08:32:15', NULL),
(1589, 195, 54, '2019-02-15 08:32:20', NULL),
(1590, 218, 54, '2019-02-15 08:33:02', NULL),
(1591, 228, 53, '2019-02-15 08:34:08', NULL),
(1592, 117, 52, '2019-02-15 08:37:28', NULL),
(1593, 91, 49, '2019-02-15 08:37:46', NULL),
(1594, 94, 52, '2019-02-15 08:38:23', NULL),
(1595, 110, 52, '2019-02-15 08:38:24', NULL),
(1596, 93, 54, '2019-02-15 08:39:19', NULL),
(1597, 99, 54, '2019-02-15 08:39:21', NULL),
(1598, 119, 53, '2019-02-15 08:39:22', NULL),
(1599, 109, 54, '2019-02-15 08:39:26', NULL),
(1600, 112, 54, '2019-02-15 08:39:26', NULL),
(1601, 383, 51, '2019-02-15 08:39:26', NULL),
(1602, 121, 52, '2019-02-15 08:39:33', NULL),
(1603, 118, 49, '2019-02-15 08:39:54', NULL),
(1604, 96, 58, '2019-02-15 08:40:00', NULL),
(1605, 92, 52, '2019-02-15 08:40:08', NULL),
(1606, 107, 52, '2019-02-15 08:40:10', NULL),
(1607, 85, 52, '2019-02-15 08:40:26', NULL),
(1608, 100, 53, '2019-02-15 08:40:32', NULL),
(1609, 89, 53, '2019-02-15 08:40:34', NULL),
(1610, 90, 54, '2019-02-15 08:40:37', NULL),
(1611, 122, 49, '2019-02-15 08:40:46', NULL),
(1612, 87, 52, '2019-02-15 08:40:48', NULL),
(1613, 95, 54, '2019-02-15 08:41:07', NULL),
(1614, 116, 54, '2019-02-15 08:41:10', NULL),
(1615, 88, 52, '2019-02-15 08:41:23', NULL),
(1616, 115, 52, '2019-02-15 08:41:33', NULL),
(1617, 104, 49, '2019-02-15 08:41:45', NULL),
(1618, 120, 52, '2019-02-15 08:42:05', NULL),
(1619, 111, 54, '2019-02-15 08:42:13', NULL),
(1620, 116, 3, '2019-02-15 08:43:49', NULL),
(1621, 105, 49, '2019-02-15 08:44:01', NULL),
(1622, 377, 54, '2019-02-15 08:47:11', NULL),
(1623, 363, 58, '2019-02-15 08:47:32', NULL),
(1624, 354, 52, '2019-02-15 08:47:37', NULL),
(1625, 347, 52, '2019-02-15 08:47:42', NULL),
(1626, 382, 58, '2019-02-15 08:48:04', NULL),
(1627, 360, 58, '2019-02-15 08:48:12', NULL),
(1628, 380, 58, '2019-02-15 08:48:21', NULL),
(1629, 381, 52, '2019-02-15 08:48:34', NULL),
(1630, 366, 57, '2019-02-15 08:49:01', NULL),
(1631, 345, 58, '2019-02-15 08:49:11', NULL),
(1632, 367, 58, '2019-02-15 08:49:13', NULL),
(1633, 378, 50, '2019-02-15 08:49:27', NULL),
(1634, 358, 50, '2019-02-15 08:49:43', NULL),
(1635, 375, 54, '2019-02-15 08:49:44', NULL),
(1636, 364, 58, '2019-02-15 08:50:37', NULL),
(1637, 350, 54, '2019-02-15 08:50:39', NULL),
(1638, 365, 58, '2019-02-15 08:51:37', NULL),
(1639, 346, 53, '2019-02-15 08:52:01', NULL),
(1640, 359, 50, '2019-02-15 08:52:05', NULL),
(1641, 371, 58, '2019-02-15 08:52:42', NULL),
(1642, 353, 50, '2019-02-15 08:53:12', NULL),
(1643, 359, 17, '2019-02-15 08:53:19', NULL),
(1645, 371, 38, '2019-02-15 08:54:45', NULL),
(1646, 353, 3, '2019-02-15 08:54:47', NULL),
(1647, 353, 13, '2019-02-15 08:55:07', NULL),
(1649, 359, 44, '2019-02-15 08:55:36', NULL),
(1650, 353, 22, '2019-02-15 08:56:03', NULL),
(1651, 372, 53, '2019-02-15 08:57:29', NULL),
(1652, 374, 53, '2019-02-15 08:58:49', NULL),
(1653, 372, 42, '2019-02-15 09:00:11', NULL),
(1654, 72, 58, '2019-02-15 09:04:37', NULL),
(1655, 78, 58, '2019-02-15 09:05:01', NULL),
(1656, 58, 58, '2019-02-15 09:05:16', NULL),
(1657, 82, 58, '2019-02-15 09:05:19', NULL),
(1658, 55, 58, '2019-02-15 09:05:20', NULL),
(1659, 47, 58, '2019-02-15 09:05:41', NULL),
(1660, 51, 57, '2019-02-15 09:05:51', NULL),
(1661, 62, 57, '2019-02-15 09:05:57', NULL),
(1662, 71, 53, '2019-02-15 09:06:06', NULL),
(1663, 64, 53, '2019-02-15 09:06:20', NULL),
(1664, 48, 50, '2019-02-15 09:06:23', NULL),
(1665, 63, 53, '2019-02-15 09:06:33', NULL),
(1666, 53, 58, '2019-02-15 09:06:33', NULL),
(1667, 73, 53, '2019-02-15 09:06:34', NULL),
(1668, 65, 58, '2019-02-15 09:06:44', NULL),
(1669, 52, 53, '2019-02-15 09:07:25', NULL),
(1670, 59, 50, '2019-02-15 09:07:34', NULL),
(1671, 65, 13, '2019-02-15 09:07:39', NULL),
(1672, 67, 53, '2019-02-15 09:07:40', NULL),
(1673, 46, 53, '2019-02-15 09:07:43', NULL),
(1674, 49, 53, '2019-02-15 09:07:56', NULL),
(1675, 77, 57, '2019-02-15 09:08:07', NULL),
(1676, 69, 53, '2019-02-15 09:08:07', NULL),
(1677, 56, 51, '2019-02-15 09:08:45', NULL),
(1678, 76, 53, '2019-02-15 09:08:48', NULL),
(1679, 48, 2, '2019-02-15 09:09:00', NULL),
(1680, 69, 25, '2019-02-15 09:09:11', NULL),
(1681, 81, 51, '2019-02-15 09:09:13', NULL),
(1682, 50, 57, '2019-02-15 09:10:17', NULL),
(1683, 290, 58, '2019-02-15 16:04:34', NULL),
(1685, 373, 13, '2019-02-18 10:21:03', NULL),
(1687, 373, 40, '2019-02-18 10:21:51', NULL),
(1688, 373, 53, '2019-02-18 10:22:09', NULL),
(1689, 348, 13, '2019-02-18 10:23:09', NULL),
(1691, 348, 43, '2019-02-18 10:24:03', NULL),
(1692, 376, 50, '2019-02-18 10:25:08', NULL),
(1693, 10, 15, '2019-02-18 10:31:22', NULL),
(1694, 10, 36, '2019-02-18 10:33:35', NULL),
(1695, 33, 12, '2019-02-18 10:38:32', NULL),
(1696, 33, 41, '2019-02-18 10:38:47', NULL),
(1697, 330, 50, '2019-02-18 11:10:40', NULL),
(1698, 389, 3, '2019-02-18 11:35:54', NULL),
(1699, 389, 13, '2019-02-18 11:36:33', NULL),
(1700, 389, 22, '2019-02-18 11:37:08', NULL),
(1701, 389, 42, '2019-02-18 11:37:31', NULL),
(1702, 389, 50, '2019-02-18 11:38:15', NULL),
(1703, 178, 53, '2019-02-18 11:39:19', NULL),
(1704, 386, 3, '2019-02-18 11:50:14', NULL),
(1705, 386, 17, '2019-02-18 11:50:46', NULL),
(1706, 386, 22, '2019-02-18 11:51:38', NULL),
(1707, 386, 38, '2019-02-18 11:52:05', NULL),
(1708, 386, 37, '2019-02-18 11:54:04', NULL),
(1709, 388, 3, '2019-02-18 11:54:57', NULL),
(1710, 388, 17, '2019-02-18 11:55:14', NULL),
(1711, 388, 22, '2019-02-18 11:55:22', NULL),
(1712, 388, 40, '2019-02-18 11:56:33', NULL),
(1713, 388, 37, '2019-02-18 11:56:40', NULL),
(1714, 387, 3, '2019-02-18 11:58:03', NULL),
(1715, 387, 17, '2019-02-18 11:58:25', NULL),
(1717, 387, 40, '2019-02-18 11:59:16', NULL),
(1718, 387, 37, '2019-02-18 11:59:24', NULL),
(1719, 259, 3, '2019-02-18 14:22:54', NULL),
(1720, 183, 6, '2019-02-18 14:25:18', NULL),
(1721, 183, 51, '2019-02-18 14:25:45', NULL),
(1722, 175, 6, '2019-02-18 14:27:53', NULL),
(1723, 175, 22, '2019-02-18 14:28:05', NULL),
(1724, 175, 43, '2019-02-18 14:28:58', NULL),
(1725, 175, 51, '2019-02-18 14:29:10', NULL),
(1726, 17, 53, '2019-02-19 07:28:46', NULL),
(1727, 72, 43, '2019-02-19 07:29:58', NULL),
(1728, 106, 53, '2019-02-19 07:31:03', NULL),
(1729, 262, 22, '2019-02-19 07:32:00', NULL),
(1730, 262, 44, '2019-02-19 07:32:50', NULL),
(1731, 262, 51, '2019-02-19 07:33:15', NULL),
(1732, 264, 51, '2019-02-19 07:33:53', NULL),
(1733, 245, 40, '2019-02-19 07:34:36', NULL),
(1734, 245, 51, '2019-02-19 07:35:05', NULL),
(1735, 44, 22, '2019-02-19 07:35:33', NULL),
(1736, 44, 50, '2019-02-19 07:35:54', NULL),
(1737, 193, 13, '2019-02-19 07:36:34', NULL),
(1738, 193, 50, '2019-02-19 07:36:52', NULL),
(1739, 164, 57, '2019-02-19 07:37:59', NULL),
(1740, 134, 13, '2019-02-19 07:38:35', NULL),
(1741, 134, 50, '2019-02-19 07:38:58', NULL),
(1743, 327, 50, '2019-02-19 07:40:53', NULL),
(1745, 294, 22, '2019-02-19 07:42:39', NULL),
(1746, 295, 40, '2019-02-19 07:43:51', NULL),
(1747, 185, 49, '2019-02-19 07:44:28', NULL),
(1748, 152, 15, '2019-02-19 07:45:00', NULL),
(1749, 152, 22, '2019-02-19 07:45:12', NULL),
(1750, 152, 53, '2019-02-19 07:45:32', NULL),
(1751, 180, 49, '2019-02-19 07:48:49', NULL),
(1752, 303, 22, '2019-02-19 07:51:40', NULL),
(1753, 214, 49, '2019-02-19 07:53:17', NULL),
(1754, 221, 49, '2019-02-19 07:53:57', NULL),
(1755, 228, 32, '2019-02-19 08:02:54', NULL),
(1756, 315, 32, '2019-02-19 08:03:28', NULL),
(1758, 352, 50, '2019-02-19 13:04:31', NULL),
(1759, 202, 15, '2019-02-19 13:10:47', NULL),
(1760, 200, 14, '2019-02-19 13:15:24', NULL),
(1761, 122, 32, '2019-02-19 16:31:14', NULL),
(1762, 51, 32, '2019-02-19 16:32:12', NULL),
(1763, 214, 32, '2019-02-19 16:36:26', NULL),
(1764, 128, 27, '2019-02-19 16:40:36', NULL),
(1765, 343, 61, '2019-02-20 07:51:24', NULL),
(1766, 276, 61, '2019-02-20 07:52:36', NULL),
(1767, 123, 61, '2019-02-20 08:00:38', NULL),
(1768, 151, 61, '2019-02-20 08:01:26', NULL),
(1769, 139, 61, '2019-02-20 08:02:09', NULL),
(1770, 156, 61, '2019-02-20 08:02:36', NULL),
(1771, 261, 61, '2019-02-20 08:17:58', NULL),
(1772, 245, 61, '2019-02-20 08:18:28', NULL),
(1773, 253, 61, '2019-02-20 08:18:58', NULL),
(1774, 238, 61, '2019-02-20 08:19:19', NULL),
(1775, 213, 30, '2019-02-20 08:49:34', NULL),
(1776, 26, 61, '2019-02-20 08:57:34', NULL),
(1777, 7, 61, '2019-02-20 08:57:55', NULL),
(1778, 11, 61, '2019-02-20 08:58:16', NULL),
(1779, 14, 61, '2019-02-20 08:58:38', NULL),
(1780, 29, 61, '2019-02-20 08:59:00', NULL),
(1781, 31, 61, '2019-02-20 08:59:20', NULL),
(1782, 149, 25, '2019-02-20 09:05:06', NULL),
(1783, 181, 27, '2019-02-20 09:25:50', NULL),
(1784, 177, 61, '2019-02-20 09:26:15', NULL),
(1785, 93, 61, '2019-02-20 09:26:36', NULL),
(1786, 111, 61, '2019-02-20 09:27:02', NULL),
(1787, 109, 61, '2019-02-20 09:27:59', NULL),
(1788, 172, 61, '2019-02-20 09:28:20', NULL),
(1789, 104, 61, '2019-02-20 09:28:39', NULL),
(1790, 103, 61, '2019-02-20 09:29:04', NULL),
(1791, 112, 61, '2019-02-20 09:30:33', NULL),
(1792, 98, 61, '2019-02-20 09:30:50', NULL),
(1793, 96, 61, '2019-02-20 09:31:13', NULL),
(1794, 116, 61, '2019-02-20 09:31:33', NULL),
(1795, 108, 61, '2019-02-20 09:31:56', NULL),
(1796, 99, 61, '2019-02-20 09:32:15', NULL),
(1797, 120, 61, '2019-02-20 09:34:30', NULL),
(1798, 77, 21, '2019-02-20 09:52:26', NULL),
(1799, 351, 21, '2019-02-20 09:52:58', NULL),
(1800, 375, 21, '2019-02-20 09:53:19', NULL),
(1801, 376, 21, '2019-02-20 09:53:48', NULL),
(1802, 377, 25, '2019-02-20 09:54:40', NULL),
(1803, 387, 33, '2019-02-20 09:57:35', NULL),
(1804, 357, 61, '2019-02-20 09:58:06', NULL),
(1805, 359, 33, '2019-02-20 09:58:55', NULL),
(1806, 347, 30, '2019-02-20 09:59:18', NULL),
(1807, 382, 61, '2019-02-20 10:00:19', NULL),
(1808, 371, 61, '2019-02-20 10:00:43', NULL),
(1809, 378, 61, '2019-02-20 10:01:06', NULL),
(1810, 358, 22, '2019-02-20 10:01:31', NULL),
(1811, 348, 35, '2019-02-20 10:02:39', NULL),
(1812, 373, 35, '2019-02-20 10:03:10', NULL),
(1813, 32, 61, '2019-02-20 10:05:37', NULL),
(1814, 16, 21, '2019-02-20 10:06:41', NULL),
(1815, 28, 21, '2019-02-20 10:07:18', NULL),
(1816, 384, 21, '2019-02-20 10:07:48', NULL),
(1817, 61, 33, '2019-02-20 10:15:13', NULL),
(1818, 66, 37, '2019-02-20 11:41:12', NULL),
(1819, 66, 10, '2019-02-20 11:44:39', NULL),
(1820, 66, 14, '2019-02-20 11:44:55', NULL),
(1821, 66, 33, '2019-02-20 11:45:04', NULL),
(1822, 66, 41, '2019-02-20 11:45:15', NULL),
(1823, 272, 22, '2019-02-20 12:43:32', NULL),
(1824, 336, 61, '2019-02-20 12:45:51', NULL),
(1825, 119, 42, '2019-02-20 12:46:20', NULL),
(1826, 205, 27, '2019-02-20 16:46:40', NULL),
(1827, 19, 25, '2019-02-20 16:48:34', NULL),
(1828, 23, 25, '2019-02-20 16:49:06', NULL),
(1829, 224, 41, '2019-02-21 13:31:22', NULL),
(1830, 233, 42, '2019-02-21 13:34:26', NULL),
(1832, 54, 44, '2019-02-21 13:38:24', NULL),
(1833, 54, 50, '2019-02-21 13:40:32', NULL),
(1834, 57, 44, '2019-02-21 13:42:18', NULL),
(1835, 55, 44, '2019-02-21 13:42:45', NULL),
(1836, 79, 44, '2019-02-21 13:43:09', NULL),
(1837, 349, 40, '2019-02-21 13:43:56', NULL),
(1838, 358, 43, '2019-02-21 13:46:09', NULL),
(1839, 113, 25, '2019-02-21 13:48:09', NULL),
(1840, 90, 25, '2019-02-22 07:36:26', NULL),
(1841, 222, 25, '2019-02-22 07:37:47', NULL),
(1842, 229, 25, '2019-02-22 07:38:09', NULL),
(1843, 223, 25, '2019-02-22 07:38:29', NULL),
(1844, 225, 61, '2019-02-22 07:39:08', NULL),
(1845, 250, 22, '2019-02-22 07:39:50', NULL),
(1846, 326, 61, '2019-02-22 07:41:10', NULL),
(1847, 275, 50, '2019-02-22 07:42:39', NULL),
(1848, 306, 61, '2019-02-22 07:43:38', NULL),
(1849, 390, 3, '2019-02-22 07:48:57', NULL),
(1850, 390, 15, '2019-02-22 07:50:11', NULL),
(1851, 390, 22, '2019-02-22 07:51:34', NULL),
(1852, 390, 43, '2019-02-22 07:52:19', NULL),
(1853, 390, 37, '2019-02-22 07:52:27', NULL),
(1854, 356, 53, '2019-02-22 14:52:34', NULL),
(1855, 320, 44, '2019-02-22 17:25:45', NULL),
(1856, 321, 61, '2019-02-27 14:57:01', NULL),
(1857, 280, 61, '2019-02-27 14:57:28', NULL),
(1858, 183, 25, '2019-02-27 15:06:41', NULL),
(1859, 191, 27, '2019-02-27 15:11:28', NULL),
(1860, 392, 6, '2019-03-01 10:34:51', NULL),
(1861, 392, 15, '2019-03-01 10:37:23', NULL),
(1862, 392, 37, '2019-03-01 10:40:48', NULL),
(1863, 392, 35, '2019-03-01 10:43:08', NULL),
(1864, 392, 44, '2019-03-01 10:43:17', NULL),
(1865, 391, 6, '2019-03-01 10:44:03', NULL),
(1867, 391, 12, '2019-03-01 11:07:23', NULL),
(1868, 391, 57, '2019-03-01 11:08:49', NULL),
(1869, 391, 35, '2019-03-01 11:10:31', NULL),
(1870, 391, 44, '2019-03-01 11:10:52', NULL),
(1871, 124, 22, '2019-03-08 14:58:48', NULL),
(1872, 32, 60, '2019-03-12 07:47:27', NULL),
(1873, 62, 59, '2019-03-12 07:48:12', NULL),
(1874, 51, 59, '2019-03-12 07:49:19', NULL),
(1875, 77, 54, '2019-03-12 07:50:27', NULL),
(1876, 50, 59, '2019-03-12 07:50:54', NULL),
(1877, 366, 54, '2019-03-12 07:51:57', NULL),
(1878, 164, 58, '2019-03-12 07:53:00', NULL),
(1879, 133, 58, '2019-03-12 10:21:49', NULL),
(1880, 393, 7, '2019-03-12 10:37:34', NULL),
(1881, 393, 11, '2019-03-12 10:37:43', NULL),
(1882, 393, 52, '2019-03-12 10:38:56', NULL),
(1883, 393, 25, '2019-03-12 10:41:21', NULL),
(1884, 393, 48, '2019-03-12 10:41:48', NULL),
(1885, 226, 25, '2019-03-13 15:10:45', NULL),
(1886, 74, 58, '2019-03-13 16:08:03', NULL),
(1887, 74, 36, '2019-03-13 16:10:58', NULL),
(1888, 385, 40, '2019-03-13 16:12:12', NULL),
(1889, 385, 37, '2019-03-13 16:12:21', NULL),
(1890, 394, 1, '2019-03-29 15:00:06', NULL),
(1891, 394, 16, '2019-03-29 15:00:19', NULL),
(1892, 394, 32, '2019-03-29 15:00:33', NULL),
(1893, 394, 43, '2019-03-29 15:00:52', NULL),
(1894, 394, 49, '2019-03-29 15:01:01', NULL),
(1895, 174, 55, '2019-03-29 15:09:17', NULL),
(1896, 70, 44, '2019-04-04 13:07:52', NULL),
(1897, 395, 16, '2019-04-15 15:16:42', NULL),
(1898, 395, 41, '2019-04-15 15:17:40', NULL),
(1899, 395, 6, '2019-04-15 15:21:42', NULL),
(1900, 395, 21, '2019-04-15 15:21:56', NULL),
(1901, 395, 54, '2019-04-15 15:22:10', NULL),
(1902, 396, 4, '2019-04-29 16:00:01', NULL),
(1903, 396, 15, '2019-04-29 16:00:15', NULL),
(1904, 396, 25, '2019-04-29 16:00:28', NULL),
(1905, 396, 45, '2019-04-29 16:00:42', NULL),
(1906, 396, 58, '2019-04-29 16:01:02', NULL);

-- --------------------------------------------------------

--
-- Estrutura para tabela `professores`
--

CREATE TABLE `professores` (
  `id` int(11) NOT NULL,
  `nome` varchar(100) NOT NULL,
  `cpf` varchar(14) NOT NULL,
  `senha` varchar(255) NOT NULL,
  `img_src` varchar(255) DEFAULT NULL,
  `created` datetime NOT NULL DEFAULT CURRENT_TIMESTAMP,
  `updated` datetime DEFAULT NULL ON UPDATE CURRENT_TIMESTAMP,
  `status` enum('Ativo','Desativo') NOT NULL DEFAULT 'Ativo'
) ENGINE=InnoDB DEFAULT CHARSET=latin1;

--
-- Fazendo dump de dados para tabela `professores`
--

INSERT INTO `professores` (`id`, `nome`, `cpf`, `senha`, `img_src`, `created`, `updated`, `status`) VALUES
(1, 'ILA MARIA VASCONCELOS CRUZ', '041.507.443-60', '$2y$10$5ZXgfh8k.kU3E94DDPyI5Oq6BU37ns.gBxp7tb6HKUdnjNPcYyADa', NULL, '2019-02-08 10:01:38', '2019-09-02 20:16:00', 'Ativo'),
(2, 'JOSE JEOVA AMARO', '510.749.233-91', '$2y$10$ylLGawaof7FLDCyzvy1n..kozR4LIJUgn..UhSSbY/QXlYT8ht3uy', NULL, '2019-02-08 10:02:10', '2019-08-15 13:04:42', 'Ativo'),
(3, 'ANTONIA DE FATIMA FREIRE DE OLIVEIRA', '016.544.223-98', '$2y$10$vbDQ6AOFUB7WW.Iai6lpeep9QVxvlcu0.9RViebcn2Y18dQhugGrO', NULL, '2019-02-08 10:02:40', NULL, 'Ativo'),
(4, 'ANTONIO SARAIVA GOMES', '009.594.613-61', '$2y$10$BrNwzlKEAYTASlJ//0WXwOVJJ1Suzhu0s6ejQlHr2TyNF3fF7h4f6', NULL, '2019-02-08 10:03:03', NULL, 'Ativo'),
(5, 'DIANA FERNANDES LIMA', '039.408.143-93', '$2y$10$3GC733oQEQ4kPRkgq./RC.Fa5itTNCrzfCkPUPGHqfNz6pBtv/N8u', NULL, '2019-02-08 10:03:36', NULL, 'Ativo'),
(6, 'FRANCISCA ANDRESSA ALVES MARREIRO', '040.307.973-00', '$2y$10$WOe2BezSu6XlSLogjIhrK.lmUh9Nmb67CnQIrsLXfBywj/yx1j5aK', NULL, '2019-02-08 10:04:08', NULL, 'Ativo'),
(7, 'FRANCISCA RENATA SILVA BARBOSA', '052.627.103-52', '$2y$10$m0ZX/4oNbL3WM6Sy6kPVxuV68mitpM7os8eY1uQsJ/IIrMqup3Ifq', NULL, '2019-02-08 10:04:35', '2019-08-09 17:08:43', 'Desativo'),
(8, 'FRANCISCO DANILO MARTINS SOUSA', '035.710.883-36', '$2y$10$vpBWeOftJVZ2s9NLyKMxU.7h0O049HGPpV/hGPHXYz.9E.kQ.BBBW', NULL, '2019-02-08 10:05:17', NULL, 'Ativo'),
(9, 'HIANDRA RAMOS PEREIRA', '057.091.293-80', '$2y$10$sW3mTK3FPx38ZtKeCoQJQe/CSZ96ErZIZLpuPr4LuPaET7iu9ChBC', NULL, '2019-02-08 10:05:42', NULL, 'Ativo'),
(10, 'ISMAEL CARLOS PINHEIRO CASTRO', '882.725.673-34', '$2y$10$BD8nghWA7U1wBMvdR6MfWOl40sCXSbFMmxwu7I1E2vplVBqO6hbpO', NULL, '2019-02-08 10:06:19', NULL, 'Ativo'),
(11, 'JAQUELINE TEIXEIRA LOPES', '747.536.493-34', '$2y$10$JItvMTePO/Uutq3.QM2tKOBrzF2eX3it5NSWbZD7FOTLgrmMCo41i', NULL, '2019-02-08 10:06:43', NULL, 'Ativo'),
(12, 'JOABE DE CASTRO SILVA', '047.089.813-50', '$2y$10$PU.VapaD3ZAtLQThK9qWSOGMOQFuy7dJFzMxvMLmiJ.Cl/ORJvYCm', NULL, '2019-02-08 10:07:07', NULL, 'Ativo'),
(13, 'JOSÉ AIRTON MACIEL LIMA', '135.119.043-15', '$2y$10$1jnGTk.XXGDbv0a7kwhtJ.R2OreJS2kLIvY9FbkTRvzoVsrkW7pju', NULL, '2019-02-08 10:07:27', NULL, 'Ativo'),
(14, 'MARIA RICHELLE TEIXEIRA SANTOS', '603.273.563-08', '$2y$10$u3jP.2GUc.vmwL.Ko8qbU.YScWRu2rven2SLYRyEf5mDvthNYBwXm', NULL, '2019-02-08 10:07:52', NULL, 'Ativo'),
(15, 'MARINA LIRA BATISTA', '034.118.093-96', '$2y$10$.6Bd/cV1zZuzf1Yu8nNmqOOJWyZpJKy/PEG3npB8n30Xuj9k5sZMi', NULL, '2019-02-08 10:08:17', NULL, 'Ativo'),
(16, 'MAYARA GOMES OLIVEIRA', '038.660.633-18', '$2y$10$y3IpdV1PjLwDMfz6QRLRK.GcYXuP02vnbZYqPRSF2krT4bO1vmueu', NULL, '2019-02-08 10:08:38', NULL, 'Ativo'),
(17, 'PATRÍCIA LAURINDO COSTA', '048.198.243-41', '$2y$10$chtU0uEslPezLKp0ZFkX3O4/ojmIgysg5j/RwiBJFp6iFx.NEu14.', NULL, '2019-02-08 10:12:31', NULL, 'Ativo'),
(18, 'PAULO JEFERSON SILVA RIBEIRO', '002.880.603-42', '$2y$10$iRtc/mrl/B0bL5IiG/saFOBsMCKA/sSB/iNUSU0kY3YNCUzAxP2pe', NULL, '2019-02-08 10:13:00', NULL, 'Ativo'),
(19, 'FLÁVIA MARIA RAMALHO MARTINS', '033.188.044-01', '$2y$10$JN8Jk5ZC8G76bsDZsQgiC.ebySJDMt506f/d5hfaZLC1P6hgBhi.m', NULL, '2019-02-08 10:13:26', NULL, 'Ativo'),
(20, 'FRANCISCO RANGEL DOS SANTOS SÁ LIMA', '053.684.163-26', '$2y$10$NdJuQsiMFxl5rotq2QgeB.KDB9xoeCw3u3lHrl/RLvJxOp8pOUSkm', NULL, '2019-02-08 10:13:50', '2019-08-09 17:09:13', 'Desativo'),
(21, 'FABIANE LOURENÇO SILVA', '956.573.983-00', '$2y$10$4sj.mrfXzPALbf9i.6ZCZuDIyDRDLpbJeeHKOto//I36rgmrXBPQe', NULL, '2019-02-08 10:14:21', NULL, 'Ativo'),
(22, 'VERONICA MOUDIANY MARTINS BARBOSA', '063.174.623-48', '$2y$10$2vJbeCxZ5DmDMetZTsrrEuU/HYcYRrHoAtSIBsXoe9n7EtB6XTA3W', NULL, '2019-02-08 10:14:43', NULL, 'Ativo'),
(23, 'ROQUE YAN FREITAS SILVA PEREIRA', '071.338.453-00', '$2y$10$OkxC3SE0tnzwCSBD0aC40.Jc910/Dt0XOTao7RYQwppBgEMKv2ILW', NULL, '2019-02-08 10:38:39', NULL, 'Ativo'),
(24, 'FRANCISCA AURICELIA DA SILVA MENEZES TAVARES', '019.585.543-40', '$2y$10$xhGRndrXZqAmSix5QJ/ODOix/Pw2nItLeXbxPCCuP3pN/40in0asi', NULL, '2019-02-08 10:41:59', NULL, 'Ativo'),
(25, 'FRANCISCO MALBERIO ESTEVÃO GOMES', '922.114.533-68', '$2y$10$/4nHmUR8nT9T.DzxnkECj.1jBaBIFWDA9klcE3GIroPKEUFCJcmq.', NULL, '2019-02-08 11:12:05', NULL, 'Ativo'),
(26, 'FRANCISCO MARLEM SANTIAGO MACIEL', '032.782.153-11', '$2y$10$64jPxv4RsaRACGNoHRXINefFLlSP10j3.Parp2HfGCb8o5NbANVKy', NULL, '2019-02-08 11:56:54', NULL, 'Ativo'),
(27, 'MARIA DEBORA SOUSA COSTA', '075.297.533-12', '$2y$10$QBOFI1hmMITWqZ6MkAvbcOMF6N69mOeZ9hHiL0a6eeD14jj2nRR/m', NULL, '2019-02-08 12:00:46', NULL, 'Ativo'),
(28, 'LUCAS DIAS RIBEIRO', '064.539.433-52', '$2y$10$QjlRQHAau75pQzUEGaEAJONies.DjVDAALvR5Hw9R20Gakatb/2H2', NULL, '2019-02-08 12:03:43', '2019-08-09 17:09:34', 'Desativo'),
(29, 'ANTONIO DE SOUSA JÚNIOR', '426.897.753-87', '$2y$10$nUTbtXAbQ2PYqU/rBFrX6OKc1A3UfU6iXnNW1EmQXCoeYzUCdxNA.', NULL, '2019-02-08 13:17:21', '2019-08-09 17:09:44', 'Desativo'),
(30, 'AURELIO PARENTE BARBOSA JUNIOR', '082.617.643-70', '$2y$10$4/mH7ntUE1eYtNNifDVj0.sAdovzSJgGUOmXFTJOu9yy68VTLUS2O', NULL, '2019-02-08 13:20:46', NULL, 'Ativo'),
(31, 'PEDRO KAUAN GONÇALVES DA SILVA ', '091.180.303-35', '$2y$10$HC1jBWUVG53zX3iZXK2qAecriBiAaRMR4K5Far.kJRAYahwG2TPgW', NULL, '2019-02-08 14:39:08', '2019-08-09 17:09:56', 'Desativo'),
(32, 'TAYNARA DA SILVA CRUZ ', '082.972.163-06', '$2y$10$hRWWtehe7oiTh0nndezakeGO/il1fMJ0HvP2f65FgNd3uS7T.SZxi', NULL, '2019-02-08 14:45:40', NULL, 'Ativo'),
(33, 'MARIA EDUARDA MENEZES CAMPOS ', '101.051.263-30', '$2y$10$.hKBgdGH.HlfwhcbPCuVGO1UQtR5k27zsjRrL50WqAah8A1eblW9m', NULL, '2019-02-08 14:48:13', NULL, 'Ativo'),
(34, 'RUBENS ABRAÃO DA SILVA SOUSA', '081.359.213-57', '$2y$10$7I5be7b6Jru4Kw.tFv3jvug/rkffoVft/zlPLAw6bzFMp07lLJlB6', NULL, '2019-02-12 11:25:49', '2019-08-09 18:55:49', 'Desativo'),
(35, 'MARIA NAYARA BRAZ DOS SANTOS', '086.188.743-37', '$2y$10$yWxl84MPZeU4RaY5y5gvWech3/JcId9SnEjwFX9Rnf2U/wqUoTGHW', NULL, '2019-02-13 08:15:08', NULL, 'Ativo'),
(36, 'ISAIAS GOMES DO NASCIMENTO', '821.015.153-34', '$2y$10$LdOCmL3Ed1jtQChYa9bzVe7bElYM9ZcGzGRMY2TgD0CU42QmI9MHu', NULL, '2019-02-13 18:45:43', '2019-08-09 17:10:07', 'Desativo'),
(37, 'JOÃO PEDRO CORDEIRO GUIMARÃES', '010.088.083-50', '$2y$10$IPzRMwriMs.AtcDug9Fu.us2Dg0nJvveFcjuajKefDAqr2xJveh/2', NULL, '2019-02-14 11:00:59', NULL, 'Ativo'),
(38, 'SILVIA CRISTINA LOBO DE SOUSA', '796.462.043-68', '$2y$10$FEae4uEUPvfNu5Qak4DXgeH7/9RxyfLV5NupU/LuSKtRlPFe64PXG', NULL, '2019-02-19 10:51:04', '2019-08-09 17:46:17', 'Desativo'),
(39, 'FRANCISCA DANIELE SOUSA DIAS', '042.741.263-31', '$2y$10$MLwrRhTO58CM09peEA4ASeZ82KiTsxmoZgALnVRzUOABQkRPjS.v.', NULL, '2019-03-01 11:45:42', NULL, 'Ativo'),
(40, 'MICHELE BARROS DE SOUSA', '052.874.233-73', '$2y$10$Z5RyuTyKy.t.gtDbRgo9aOPlb63HC3vu1qy1Io9V0Fa.TZP0q16pa', NULL, '2019-08-09 14:08:32', NULL, 'Ativo'),
(41, 'FRANCISCO JARDEL SOUSA PINHO', '058.146.453-26', '$2y$10$qtXqhT1hfAXtxpTUwR1CmOJsihWrnZ1GFDTXWLrwS3RnNXkg4L9n2', NULL, '2019-08-09 17:17:29', '2019-08-09 20:17:49', 'Ativo'),
(42, 'ANDERSON MEDEIROS CASTELO', '092.913.373-07', '$2y$10$fK7E/SXUebU/YbgLOhqZPeq/vnjBdfD9tt8t6qmuXBK.DIW1/Rkg2', NULL, '2019-08-12 18:57:14', NULL, 'Ativo'),
(43, 'FRANCISCO LUCAS SOUSA UCHOA', '088.127.973-00', '$2y$10$RmQ6ccoJERyEnHDdptiTqeFO8hA4fQa4ta6Dc.ZNkCUs/FQc8JGaW', NULL, '2019-08-12 19:00:17', NULL, 'Ativo');

-- --------------------------------------------------------

--
-- Estrutura para tabela `turmas`
--

CREATE TABLE `turmas` (
  `id` int(11) NOT NULL,
  `nome` varchar(50) NOT NULL,
  `serie` tinyint(4) NOT NULL,
  `created` datetime NOT NULL DEFAULT CURRENT_TIMESTAMP,
  `updated` datetime DEFAULT NULL ON UPDATE CURRENT_TIMESTAMP,
  `status` enum('Ativo','Desativo') NOT NULL DEFAULT 'Ativo'
) ENGINE=InnoDB DEFAULT CHARSET=latin1;

--
-- Fazendo dump de dados para tabela `turmas`
--

INSERT INTO `turmas` (`id`, `nome`, `serie`, `created`, `updated`, `status`) VALUES
(1, 'A', 1, '2019-02-08 08:00:29', NULL, 'Ativo'),
(2, 'B', 1, '2019-02-08 08:00:38', NULL, 'Ativo'),
(3, 'C', 1, '2019-02-08 08:00:48', NULL, 'Ativo'),
(4, 'D', 1, '2019-02-08 08:00:57', NULL, 'Ativo'),
(5, 'A', 2, '2019-02-08 08:01:07', NULL, 'Ativo'),
(6, 'B', 2, '2019-02-08 08:01:14', NULL, 'Ativo'),
(7, 'C', 2, '2019-02-08 08:01:21', NULL, 'Ativo'),
(8, 'D', 2, '2019-02-08 08:01:28', NULL, 'Ativo'),
(9, 'A', 3, '2019-02-08 08:01:36', NULL, 'Ativo'),
(10, 'B', 3, '2019-02-08 08:01:43', NULL, 'Ativo'),
(11, 'C', 3, '2019-02-08 08:01:49', NULL, 'Ativo');

--
-- Índices de tabelas apagadas
--

--
-- Índices de tabela `administradores`
--
ALTER TABLE `administradores`
  ADD PRIMARY KEY (`id`),
  ADD UNIQUE KEY `login` (`login`);

--
-- Índices de tabela `alunos`
--
ALTER TABLE `alunos`
  ADD PRIMARY KEY (`id`),
  ADD UNIQUE KEY `matricula` (`matricula`);

--
-- Índices de tabela `eletivas`
--
ALTER TABLE `eletivas`
  ADD PRIMARY KEY (`id`);

--
-- Índices de tabela `inscricoes`
--
ALTER TABLE `inscricoes`
  ADD PRIMARY KEY (`id`);

--
-- Índices de tabela `professores`
--
ALTER TABLE `professores`
  ADD PRIMARY KEY (`id`),
  ADD UNIQUE KEY `cpf` (`cpf`);

--
-- Índices de tabela `turmas`
--
ALTER TABLE `turmas`
  ADD PRIMARY KEY (`id`);

--
-- AUTO_INCREMENT de tabelas apagadas
--

--
-- AUTO_INCREMENT de tabela `administradores`
--
ALTER TABLE `administradores`
  MODIFY `id` int(11) NOT NULL AUTO_INCREMENT, AUTO_INCREMENT=3;

--
-- AUTO_INCREMENT de tabela `alunos`
--
ALTER TABLE `alunos`
  MODIFY `id` int(11) NOT NULL AUTO_INCREMENT, AUTO_INCREMENT=402;

--
-- AUTO_INCREMENT de tabela `eletivas`
--
ALTER TABLE `eletivas`
  MODIFY `id` int(11) NOT NULL AUTO_INCREMENT, AUTO_INCREMENT=91;

--
-- AUTO_INCREMENT de tabela `inscricoes`
--
ALTER TABLE `inscricoes`
  MODIFY `id` int(11) NOT NULL AUTO_INCREMENT, AUTO_INCREMENT=1907;

--
-- AUTO_INCREMENT de tabela `professores`
--
ALTER TABLE `professores`
  MODIFY `id` int(11) NOT NULL AUTO_INCREMENT, AUTO_INCREMENT=44;

--
-- AUTO_INCREMENT de tabela `turmas`
--
ALTER TABLE `turmas`
  MODIFY `id` int(11) NOT NULL AUTO_INCREMENT, AUTO_INCREMENT=12;
COMMIT;

/*!40101 SET CHARACTER_SET_CLIENT=@OLD_CHARACTER_SET_CLIENT */;
/*!40101 SET CHARACTER_SET_RESULTS=@OLD_CHARACTER_SET_RESULTS */;
/*!40101 SET COLLATION_CONNECTION=@OLD_COLLATION_CONNECTION */;
